,id,recency,frequency,monetary,date,reg_days
0,5524,58,22,1617,2012-04-09,971
1,2174,38,4,27,2014-08-03,125
2,4141,26,20,776,2013-08-21,472
3,6182,26,6,53,2014-10-02,65
4,5324,94,14,422,2014-01-19,321
5,7446,16,20,716,2013-09-09,453
6,965,34,17,590,2012-11-13,753
7,6177,32,8,169,2013-08-05,488
8,4855,19,5,46,2013-06-06,548
9,5899,68,1,49,2014-03-13,268
11,387,59,5,61,2012-11-13,753
12,2125,82,15,1102,2013-11-15,386
13,8180,53,12,310,2013-11-15,386
14,2569,38,4,46,2012-10-10,787
15,2114,23,25,1315,2012-11-24,742
16,9736,51,6,96,2012-12-24,712
17,4939,20,11,317,2012-08-31,827
18,6565,91,24,1782,2013-03-28,618
19,2278,86,6,133,2012-03-11,1000
20,9360,41,11,316,2012-08-08,850
21,5376,42,28,1730,2013-06-01,553
22,1993,63,14,972,2012-12-23,713
23,4047,0,17,544,2014-11-01,35
24,1409,69,13,444,2013-03-18,628
25,7892,89,6,75,2013-02-01,673
26,2404,4,10,257,2013-05-27,558
28,9422,26,7,131,2013-05-31,554
29,1966,96,25,1672,2013-11-22,379
30,6864,34,6,30,2014-05-22,198
31,3033,56,10,318,2013-11-05,396
32,5710,31,7,120,2012-10-10,787
33,7373,8,11,302,2012-10-29,768
34,8755,4,17,1196,2013-02-20,654
35,10738,55,5,65,2013-08-29,464
36,4339,37,23,913,2013-12-31,340
37,10755,76,6,81,2013-02-09,665
38,8595,99,5,67,2014-11-02,34
39,2968,53,22,902,2013-01-02,703
40,8601,3,19,1395,2013-04-29,586
41,503,88,5,53,2013-12-03,368
42,8430,4,3,22,2012-12-24,712
44,2139,19,5,31,2013-02-10,664
45,1371,72,15,984,2014-06-28,161
46,9909,24,7,122,2012-09-11,816
47,7286,92,4,55,2013-05-24,561
49,6566,39,19,1319,2012-08-11,847
50,8614,29,16,507,2014-12-05,1
51,4114,2,28,1693,2012-11-08,758
52,1331,54,5,72,2013-02-01,673
53,2225,54,20,1617,2014-07-06,153
54,9381,57,16,606,2013-12-06,365
55,6260,55,26,1957,2012-11-19,747
56,10383,30,20,1093,2013-02-04,670
57,7437,31,5,29,2014-04-28,222
59,8375,63,16,518,2014-03-03,278
60,6853,12,20,1438,2013-04-07,608
61,3076,18,18,612,2012-07-09,880
62,1012,26,20,884,2013-02-18,656
63,6518,8,18,606,2013-11-06,395
64,4137,29,15,1076,2013-06-12,542
65,8082,75,4,34,2013-05-21,564
66,1386,0,3,11,2014-11-05,31
67,9369,19,31,1274,2014-03-19,262
68,4477,4,17,653,2013-09-27,435
69,1357,90,12,1562,2013-08-04,489
70,1402,1,18,1253,2012-11-09,757
72,6312,29,26,863,2013-03-17,629
73,8132,88,19,661,2013-05-04,581
74,1050,58,7,65,2014-04-30,220
75,5846,68,3,13,2012-12-19,717
76,1859,34,18,1890,2012-08-27,831
77,7503,40,22,2209,2012-12-10,726
78,10401,12,3,18,2013-04-09,606
79,1618,9,19,692,2013-02-01,673
80,3332,87,8,165,2012-08-29,829
81,2261,5,3,16,2013-06-23,531
82,5346,87,6,79,2013-03-07,639
83,4119,56,10,318,2013-11-05,396
84,535,18,26,778,2014-02-25,284
85,5268,95,5,56,2013-11-08,393
86,273,48,8,151,2013-07-16,508
87,4452,3,13,372,2014-05-28,192
88,8504,70,18,1366,2014-12-05,1
89,771,79,9,194,2014-01-21,319
93,11178,69,4,32,2014-03-23,258
94,2230,84,7,43,2014-05-24,196
95,7516,30,5,45,2014-05-22,198
96,7247,72,17,606,2012-11-22,744
97,11100,37,5,63,2013-11-04,397
98,4646,44,24,978,2013-01-12,693
99,3037,32,14,410,2013-06-20,534
100,1473,0,5,72,2013-07-23,501
101,1016,43,5,55,2014-03-30,251
102,4518,59,25,1169,2013-04-20,595
103,9370,68,15,1120,2013-05-17,568
104,8908,35,19,1097,2014-08-05,123
105,8373,94,4,29,2013-10-12,420
106,7533,15,9,187,2013-09-24,438
107,2683,56,22,910,2013-02-02,672
108,3629,17,7,145,2012-12-19,717
109,10991,18,13,850,2012-07-12,877
110,5077,46,23,969,2013-02-11,663
111,7431,40,16,1820,2012-10-11,786
112,3267,27,17,608,2014-06-25,164
113,999,95,24,730,2013-02-01,673
114,9215,19,16,551,2012-12-12,724
115,2286,27,6,114,2013-10-09,423
116,1592,25,15,1724,2014-01-24,316
117,367,74,15,577,2013-02-19,655
118,5234,85,5,81,2013-11-07,394
119,9862,37,5,33,2013-11-14,387
120,9805,65,18,660,2013-06-20,534
121,6205,13,6,80,2014-02-24,285
122,8442,63,4,30,2013-04-09,606
123,7386,83,4,43,2013-04-22,593
124,7215,69,27,1135,2013-12-03,368
125,1491,87,14,559,2013-02-18,656
126,11071,37,15,1923,2013-04-21,594
127,3381,51,6,90,2014-08-06,122
129,11051,72,19,661,2014-10-05,62
130,8026,10,14,463,2013-09-30,432
131,433,42,18,632,2013-10-03,429
132,9597,10,18,725,2014-10-02,65
134,5290,51,11,279,2013-08-14,479
135,1685,21,22,1482,2013-03-17,629
136,5342,31,4,29,2012-08-08,850
137,9579,61,6,106,2013-07-07,517
138,7660,37,4,49,2014-05-19,201
139,1461,74,5,38,2013-07-28,496
140,821,46,21,2077,2012-10-19,778
141,11084,4,15,1053,2013-11-14,387
142,8690,73,22,1385,2013-04-19,596
143,2937,47,22,871,2013-08-28,465
144,9701,13,9,312,2013-03-19,627
145,9949,36,12,877,2012-10-18,779
146,10837,47,5,68,2012-10-28,769
147,3120,49,3,22,2013-08-28,465
148,5885,94,9,211,2012-08-22,836
149,4050,65,7,127,2014-06-21,168
150,3830,59,15,459,2014-04-24,226
151,7987,96,15,460,2014-07-03,156
152,7798,28,13,429,2012-12-14,722
153,92,12,7,89,2014-12-05,1
154,7055,57,24,1021,2012-09-10,817
155,10240,10,20,1381,2013-02-19,655
156,3025,4,12,306,2013-08-07,486
157,9283,49,3,18,2013-12-09,362
158,9970,3,8,162,2013-10-17,415
159,2730,64,17,1231,2013-08-20,473
160,2795,0,3,13,2013-01-07,698
161,9260,20,25,1706,2012-05-11,939
162,8182,91,7,121,2014-05-01,219
163,10095,9,19,1293,2013-01-05,700
164,8475,98,22,1608,2014-01-03,337
165,4370,83,6,88,2013-11-13,388
166,10573,27,17,421,2013-11-18,383
167,3712,63,11,259,2013-08-28,465
168,6637,46,14,1117,2013-02-11,663
169,3152,84,6,89,2014-02-25,284
170,5610,58,4,36,2014-04-21,229
171,6460,78,5,57,2013-07-13,511
172,1349,4,7,148,2014-04-21,229
173,1880,17,6,93,2014-01-30,310
174,641,77,6,119,2014-04-04,246
175,8717,56,27,1835,2012-12-09,727
176,10314,79,24,1318,2012-12-16,720
177,10854,90,5,45,2014-05-23,197
178,10492,96,3,10,2014-06-24,165
179,6935,44,24,978,2013-01-12,693
180,7698,81,9,191,2014-11-05,31
181,3559,77,6,57,2014-10-05,62
182,10562,21,23,1033,2013-09-28,434
183,10796,16,5,66,2014-01-22,318
184,2563,80,5,43,2014-06-15,174
185,3518,45,4,50,2012-05-12,938
186,5823,63,5,39,2014-08-03,125
187,3934,34,16,608,2013-02-08,666
188,6982,14,23,1581,2013-03-19,627
189,6431,13,5,68,2013-02-23,651
190,9733,52,4,80,2012-09-09,818
191,5602,98,27,1282,2013-05-17,568
192,7829,99,5,65,2013-09-26,436
193,1324,93,6,91,2013-05-30,555
194,326,38,12,315,2013-02-18,656
195,7224,24,4,31,2013-12-29,342
196,6999,80,22,834,2014-05-13,207
197,9938,82,16,1600,2013-09-19,443
198,6422,20,16,1270,2013-01-17,688
199,3182,81,9,263,2014-03-31,250
200,7300,50,16,535,2014-06-29,160
201,10424,60,17,1295,2013-09-12,450
202,8727,63,26,1150,2013-10-14,418
203,2798,54,26,1240,2012-02-11,1029
204,1030,72,4,38,2013-07-17,507
205,624,5,3,35,2012-10-11,786
206,5176,88,4,53,2013-08-12,481
207,5552,50,11,293,2013-05-13,572
208,868,99,5,65,2014-08-06,122
209,380,17,24,1804,2012-10-09,788
210,2677,11,10,241,2013-03-31,615
211,6521,18,19,1101,2014-03-18,263
212,6927,70,11,264,2012-05-10,940
213,2877,21,16,541,2013-01-21,684
214,0,66,16,1198,2013-04-05,610
215,1584,79,14,482,2014-01-04,336
216,7264,2,3,17,2014-12-05,1
217,6274,81,24,1615,2013-11-15,386
218,1377,24,10,285,2013-08-31,462
219,454,48,26,1135,2012-11-14,752
220,1755,93,6,114,2014-11-04,32
221,2075,56,15,1047,2013-11-14,387
222,4785,3,20,714,2014-04-14,236
223,9076,44,9,185,2013-05-01,584
224,7079,38,27,1245,2012-08-09,849
225,4653,46,8,189,2013-03-26,620
226,7375,84,14,576,2012-10-25,772
227,709,27,15,1103,2012-09-12,815
228,460,72,16,1753,2012-08-08,850
229,3726,66,3,17,2014-02-16,293
230,6798,30,14,433,2013-03-20,626
231,5341,2,13,1588,2013-05-01,584
232,1606,65,3,22,2013-05-15,570
233,9617,37,4,19,2014-04-16,234
234,3233,89,26,1117,2013-03-23,623
235,89,49,6,69,2013-09-12,450
236,2936,46,4,23,2013-04-12,603
237,9449,32,18,605,2013-04-10,605
238,7297,54,7,57,2013-12-26,345
239,11004,23,3,22,2014-05-17,203
240,313,98,21,2088,2013-10-28,404
241,9940,97,14,1009,2012-12-23,713
242,10735,75,4,26,2013-07-31,493
243,9529,8,21,1627,2013-11-28,373
244,6439,37,24,1102,2012-08-17,841
245,7411,31,4,17,2014-05-06,214
246,2176,40,14,1690,2013-05-20,565
247,9265,74,19,1390,2013-09-01,461
248,8867,90,19,2126,2012-08-31,827
249,8932,57,21,1531,2012-10-29,768
250,10236,59,5,64,2013-09-16,446
251,6340,52,4,26,2013-10-27,405
252,10089,5,28,1112,2013-05-04,581
253,2227,92,9,210,2012-09-22,805
254,10992,77,21,1148,2012-08-29,829
255,5304,35,4,33,2012-10-13,784
256,309,48,16,1101,2012-10-16,781
257,3406,97,12,322,2012-10-22,775
258,2661,95,6,44,2013-04-06,609
259,3153,24,3,17,2013-08-12,481
260,10264,60,4,31,2012-10-10,787
261,1184,46,22,845,2013-05-22,563
262,4200,85,11,275,2014-06-17,172
263,9396,31,3,25,2012-11-23,743
264,2387,9,11,275,2013-03-02,644
265,6690,30,7,90,2013-03-14,632
266,1225,47,18,1495,2014-06-26,163
267,9703,70,7,184,2012-10-15,782
268,291,13,12,981,2013-06-19,535
269,4557,11,6,67,2013-04-10,605
270,2379,31,12,1635,2012-09-22,805
271,5726,15,7,60,2014-03-20,261
272,3066,2,10,231,2014-04-02,248
273,6336,55,6,48,2014-06-04,185
274,10967,38,6,99,2013-06-02,552
275,2304,86,21,770,2013-09-16,446
276,3445,56,21,957,2013-01-17,688
277,7828,29,11,818,2014-04-30,220
278,3762,30,16,925,2013-02-04,670
279,4391,64,21,908,2013-04-21,594
280,4669,46,7,102,2013-11-02,399
281,10144,84,14,576,2012-10-25,772
282,8652,20,11,317,2012-08-31,827
283,1672,74,14,461,2014-01-03,337
284,8962,18,5,37,2014-04-17,233
285,9974,75,6,70,2013-12-07,364
286,10983,17,22,930,2013-01-29,676
287,8148,88,20,859,2013-08-01,492
288,10102,19,21,1478,2014-12-05,1
289,4697,62,13,390,2013-06-13,541
290,9262,11,4,52,2013-04-07,608
291,7254,74,7,137,2013-12-27,344
292,4543,32,18,1919,2012-10-31,766
293,4927,76,6,68,2014-01-15,325
294,10451,6,3,25,2013-12-03,368
295,2926,62,20,1374,2012-08-23,835
296,2874,20,4,32,2013-07-03,521
297,9738,43,6,100,2013-01-13,692
298,7119,45,11,825,2013-12-01,370
299,3924,34,23,916,2014-03-17,264
300,5827,53,7,62,2014-04-16,234
301,5596,44,20,728,2013-12-10,361
302,10812,89,6,90,2014-01-03,337
303,1717,43,10,273,2014-04-13,237
304,9491,68,7,66,2013-12-27,344
305,9274,44,22,1213,2013-03-28,618
306,6609,64,6,107,2012-09-18,809
307,6963,85,17,1157,2014-05-03,217
308,4440,93,17,546,2013-10-09,423
309,1379,12,10,241,2013-04-27,588
310,10032,86,7,53,2014-01-18,322
311,2826,28,5,37,2013-10-28,404
313,6320,42,22,1508,2013-06-02,552
314,3050,13,10,235,2013-12-17,354
315,231,86,5,32,2014-11-03,33
316,2392,59,6,102,2013-07-29,495
317,9478,30,13,401,2012-08-14,844
318,113,33,4,28,2013-07-16,508
320,1802,23,18,680,2013-01-17,688
321,520,81,3,30,2013-01-07,698
322,8275,6,3,20,2014-09-02,95
323,9750,41,18,1307,2013-07-02,522
324,2607,78,18,630,2013-11-01,400
325,7214,49,17,1283,2013-05-07,578
326,5835,39,6,65,2013-02-07,667
327,3896,3,4,37,2013-07-11,513
328,10350,37,4,38,2013-09-05,457
329,7786,22,8,160,2013-02-13,661
330,2861,79,3,23,2013-04-16,599
331,663,46,5,71,2013-11-09,392
332,10675,82,17,1161,2013-03-04,642
333,2521,10,4,59,2013-10-01,431
334,9592,51,5,33,2013-06-30,524
335,10151,38,21,946,2012-12-09,727
336,7381,10,21,1442,2012-06-12,907
337,4099,14,4,62,2012-12-11,725
338,9560,18,21,1674,2013-03-03,643
339,1150,36,14,1853,2013-09-26,436
340,10172,95,20,1538,2012-10-08,789
341,11191,11,7,139,2013-07-12,512
342,9707,65,17,1182,2012-11-23,743
343,6245,71,16,507,2013-06-13,541
344,8234,13,3,18,2013-08-15,478
345,1411,58,15,940,2013-10-11,421
346,8553,65,4,42,2013-06-23,531
347,1826,0,14,1190,2014-06-16,173
348,8842,33,5,44,2012-12-25,711
349,11030,90,3,16,2014-03-01,280
350,2579,95,22,835,2013-12-17,354
351,175,93,20,1443,2013-10-01,431
352,9185,38,15,1029,2013-10-28,404
353,11056,18,17,1188,2012-10-27,770
354,9365,57,19,1277,2012-12-22,714
355,6201,45,5,49,2013-11-29,372
356,2061,61,6,99,2013-11-05,396
357,6184,6,14,1670,2012-12-12,724
358,6142,65,13,900,2013-08-20,473
359,4107,52,14,425,2013-08-10,483
360,7274,87,21,2153,2012-09-28,799
361,9336,38,18,636,2014-03-22,259
362,2958,53,7,57,2014-02-24,285
363,933,31,3,25,2012-11-23,743
364,5837,67,15,494,2012-12-28,708
365,10704,65,17,693,2012-08-21,837
366,5125,64,25,1348,2013-05-17,568
367,4432,82,5,51,2013-03-16,630
368,5955,27,15,1932,2012-11-17,749
369,2928,63,14,990,2012-01-12,1059
370,5680,66,4,30,2014-04-22,228
371,10313,69,10,254,2012-10-28,769
372,2557,52,4,29,2013-08-29,464
373,1245,45,19,1371,2012-11-11,755
374,1519,2,6,73,2013-06-22,532
375,10703,86,7,120,2012-08-18,840
376,1726,23,4,81,2013-03-18,628
377,4459,13,4,37,2012-12-30,706
378,1729,14,18,1377,2013-02-10,664
379,1517,92,4,51,2013-06-14,540
380,2098,38,3,17,2013-08-01,492
381,9543,74,3,22,2013-11-14,387
382,6878,14,11,324,2012-12-12,724
383,3310,94,9,211,2012-08-22,836
384,2724,33,3,19,2014-03-30,251
385,948,32,5,41,2013-05-15,570
386,6720,11,14,492,2013-10-16,416
387,6202,78,22,1005,2012-05-10,940
388,2066,56,6,114,2012-08-30,828
389,9799,57,16,1173,2013-08-05,488
390,8318,7,19,1738,2014-03-01,280
391,5642,0,10,222,2013-09-12,450
392,2669,66,15,1127,2014-04-05,245
393,455,86,9,209,2013-04-18,597
394,7683,80,20,787,2014-02-25,284
395,3428,56,23,1598,2013-06-10,544
396,7414,18,8,186,2012-09-15,812
397,6354,51,4,47,2012-08-31,827
398,798,71,4,27,2012-12-24,712
399,8213,71,7,96,2012-09-11,816
400,2488,80,6,64,2013-03-23,623
401,9999,2,22,1040,2012-09-27,800
402,7617,83,8,163,2013-08-15,478
403,615,29,10,343,2013-11-03,398
404,2552,11,15,446,2013-10-22,410
405,194,55,4,41,2014-09-06,91
406,3645,19,6,70,2012-08-30,828
407,8890,1,11,272,2014-05-30,190
408,5049,19,5,46,2013-06-06,548
409,9973,28,16,490,2012-10-17,780
410,7301,76,6,79,2012-11-17,749
411,10882,50,13,915,2012-09-11,816
412,7030,1,32,1485,2013-03-30,616
413,7422,90,13,369,2012-08-22,836
414,3523,83,17,1073,2013-01-23,682
415,7106,73,18,1242,2014-03-31,250
416,6504,24,6,78,2013-11-20,381
417,5067,11,20,1378,2014-02-14,295
418,4216,33,25,1474,2013-02-22,652
419,8581,4,20,751,2013-05-03,582
420,5929,14,5,48,2014-06-05,184
421,3129,30,5,45,2014-05-22,198
422,6528,75,3,10,2014-05-06,214
423,1361,26,15,1435,2013-04-06,609
424,6932,77,22,2119,2013-04-13,602
425,7284,8,3,20,2013-04-12,603
426,1340,42,26,1795,2014-04-24,226
427,8746,28,17,1188,2014-05-04,216
428,5987,52,5,43,2014-04-05,245
429,3767,1,22,1008,2013-04-25,590
430,3725,1,15,1688,2013-09-05,457
431,4324,42,16,684,2012-10-29,768
432,238,76,24,1082,2013-01-23,682
433,6694,27,24,1068,2013-11-25,376
434,498,28,5,57,2014-02-02,307
435,9347,49,4,46,2013-06-21,533
436,9699,12,20,733,2013-12-21,350
437,10664,14,15,467,2013-07-09,515
438,5455,89,7,122,2013-08-22,471
439,456,96,5,36,2013-07-02,522
440,5012,56,4,34,2013-04-07,608
441,7495,72,8,156,2013-12-20,351
442,5029,14,3,14,2013-06-08,546
443,10642,13,4,37,2012-12-30,706
444,2106,99,4,34,2014-03-17,264
445,10364,72,3,20,2013-07-13,511
446,5954,92,9,192,2013-09-10,452
447,1137,87,16,1379,2013-12-29,342
448,2541,7,5,48,2013-09-06,456
449,1142,91,14,428,2013-12-22,349
450,2276,71,22,868,2013-02-05,669
451,2807,24,24,1001,2013-02-16,658
452,6471,17,6,59,2013-10-17,415
453,6131,87,14,431,2013-01-12,693
454,6233,21,24,971,2012-07-09,880
455,4148,90,12,348,2012-08-20,838
456,4947,44,23,2059,2012-09-15,812
457,3225,71,10,265,2013-01-04,701
458,7540,52,11,270,2014-05-25,195
459,10648,78,18,1289,2012-09-25,802
460,1992,2,12,893,2014-01-01,339
461,7851,60,21,926,2013-09-22,440
462,8594,25,7,135,2014-01-28,312
463,7059,47,18,1495,2014-06-26,163
464,2815,46,7,120,2014-02-24,285
465,2416,83,19,1288,2014-03-03,278
466,7999,17,16,1743,2013-04-23,592
467,9213,13,3,15,2012-10-31,766
468,9697,86,17,542,2014-06-03,186
469,3916,92,22,890,2012-08-15,843
470,2021,47,29,1388,2013-03-27,619
471,1581,18,3,17,2013-10-10,422
472,564,81,23,906,2012-04-08,972
473,6619,91,4,44,2013-02-01,673
474,9081,58,4,25,2014-05-18,202
475,178,40,22,973,2013-02-18,656
476,916,67,4,31,2014-09-05,92
477,5512,19,16,518,2014-05-23,197
478,8970,93,15,530,2012-10-23,774
479,10581,41,14,506,2012-10-31,766
480,5300,60,5,70,2013-12-30,341
481,5154,54,5,54,2013-11-08,393
482,8346,26,10,296,2012-08-19,839
483,1676,30,11,266,2013-10-30,402
484,9286,93,18,747,2012-10-10,787
485,2426,35,28,895,2012-09-14,813
486,5172,4,15,1053,2013-11-14,387
487,5562,92,19,735,2013-06-26,528
488,3436,24,4,20,2014-01-26,314
489,3921,96,9,205,2012-10-28,769
490,3403,11,19,2092,2012-09-24,803
491,22,99,12,309,2012-03-12,999
492,10965,72,21,1722,2013-02-22,652
493,9426,77,11,900,2013-12-01,370
494,6605,85,19,682,2013-11-27,374
495,3136,88,19,663,2013-04-13,602
496,8737,22,5,43,2014-05-04,216
497,11088,83,17,1816,2013-04-21,594
498,716,63,24,976,2014-05-22,198
499,466,9,20,746,2013-03-04,642
500,9135,92,4,64,2012-06-08,911
501,10623,2,4,32,2013-11-15,386
502,8151,6,8,263,2012-12-29,707
503,5140,66,19,1445,2012-08-24,834
504,10160,49,4,46,2013-06-21,533
505,4945,29,26,1210,2012-07-11,878
506,10584,77,23,945,2013-02-12,662
507,6071,77,21,1157,2013-07-19,505
508,3386,71,7,137,2013-06-21,533
509,8939,49,19,730,2012-12-16,720
510,9925,97,9,216,2013-05-25,560
511,4320,6,22,943,2013-03-28,618
512,5389,93,13,347,2013-10-20,412
513,6036,78,18,1924,2014-03-17,264
514,182,62,13,397,2013-11-05,396
515,203,47,21,2089,2013-04-14,601
516,11025,9,7,138,2013-03-02,644
517,10203,77,4,42,2013-06-30,524
518,4607,24,16,777,2013-08-23,470
519,3711,19,19,1902,2014-01-03,337
520,3696,67,5,52,2014-01-27,313
521,2532,95,12,1651,2014-01-03,337
522,9214,48,12,358,2013-08-16,477
523,4943,73,15,1727,2012-09-30,797
524,35,35,7,210,2012-08-09,849
525,2258,76,4,42,2012-04-12,968
526,4322,20,19,1291,2013-11-27,374
527,713,72,14,442,2014-08-06,122
528,4702,20,16,1895,2012-12-08,728
529,3281,69,13,411,2013-03-11,635
530,702,80,15,521,2013-02-15,659
531,2004,65,16,1168,2013-09-18,444
532,4769,52,16,493,2014-06-18,171
533,4437,65,10,260,2013-04-24,591
534,8724,57,5,46,2013-06-17,537
535,10741,70,12,319,2013-11-04,397
536,1991,0,6,96,2014-01-18,322
537,6931,19,15,1062,2014-02-15,294
538,11096,50,10,232,2013-08-08,485
539,304,67,6,76,2013-12-23,348
540,3665,46,6,54,2013-07-11,513
541,10591,37,9,201,2012-06-08,911
542,5036,38,12,406,2012-11-28,738
543,5547,9,19,1919,2013-07-08,516
544,7822,56,18,662,2013-04-06,609
545,8541,98,6,41,2014-08-03,125
546,10955,68,13,1600,2014-07-01,158
547,4368,72,7,134,2013-03-12,634
548,9671,47,6,69,2014-01-26,314
549,2256,33,4,21,2014-03-29,252
550,4279,87,5,54,2014-03-31,250
551,5371,0,6,91,2014-08-04,124
552,9240,73,16,526,2014-07-02,157
553,9460,74,7,162,2013-04-18,597
554,9504,4,24,1008,2013-06-11,543
555,8692,50,10,240,2012-12-09,727
556,448,57,19,795,2013-01-03,702
557,8314,30,18,1772,2013-05-04,581
558,8420,27,6,64,2013-03-08,638
559,3174,61,19,1957,2013-05-22,563
560,7685,4,6,78,2013-09-09,453
561,3179,75,19,1572,2013-06-16,538
562,9780,12,24,795,2013-06-25,529
563,10681,13,21,889,2014-01-15,325
564,10232,9,12,331,2013-05-11,574
565,4184,48,10,265,2014-07-06,153
566,9120,80,15,1065,2012-05-12,938
567,891,60,3,11,2013-07-09,515
568,10381,43,3,21,2013-05-07,578
569,3525,19,3,17,2012-07-12,877
570,6818,26,11,369,2012-12-09,727
571,3526,58,4,38,2014-01-27,313
572,8181,42,8,177,2013-09-13,449
573,1029,27,11,279,2013-01-08,697
574,7369,56,5,62,2013-02-10,664
575,2574,27,18,1230,2013-01-31,674
576,8159,10,8,182,2014-01-04,336
577,1160,48,6,49,2013-08-23,470
578,10242,39,6,75,2013-09-16,446
579,5253,85,10,227,2013-09-07,455
580,5966,64,10,215,2012-10-11,786
581,5314,69,13,444,2013-03-18,628
582,5081,54,4,47,2013-10-20,412
583,5123,57,6,143,2013-04-15,600
584,5756,64,5,55,2014-03-04,277
585,8036,10,7,63,2014-04-18,232
586,9058,65,21,1867,2012-09-23,804
587,5057,74,18,611,2013-09-14,448
588,254,4,15,473,2014-05-17,203
589,4179,94,5,55,2013-08-20,473
590,3710,41,5,81,2012-12-10,726
591,7627,25,21,2086,2012-12-12,724
592,4501,94,19,1478,2013-10-11,421
593,6424,9,4,49,2014-01-30,310
594,3075,47,14,382,2013-11-09,392
595,4992,12,6,69,2013-09-19,443
596,5252,80,5,67,2012-10-26,771
597,7444,20,4,30,2013-10-19,413
598,6919,39,6,63,2013-04-06,609
599,3537,57,7,79,2012-08-17,841
600,10277,27,4,42,2013-02-21,653
601,2453,83,20,819,2012-08-31,827
602,7972,79,16,1151,2013-09-17,445
603,895,69,17,594,2012-09-12,815
604,1177,77,7,129,2013-01-26,679
605,7141,15,8,213,2012-12-29,707
606,7232,99,5,67,2014-11-02,34
607,8477,61,4,28,2013-11-03,398
608,2457,23,4,45,2012-10-26,771
609,988,84,17,1193,2014-07-05,154
610,7930,74,10,268,2013-08-19,474
611,4587,90,11,266,2013-07-18,506
612,6682,41,4,37,2012-11-12,754
613,6222,28,5,37,2013-10-28,404
614,10299,73,22,882,2012-09-11,816
615,3083,88,13,373,2013-07-26,498
616,8953,94,4,35,2013-06-05,549
617,1503,31,1,107,2013-03-06,640
618,8650,31,4,42,2013-03-18,628
619,10862,6,12,326,2012-08-17,841
620,2782,23,14,404,2013-11-07,394
621,6941,92,5,95,2013-07-14,510
622,10972,52,13,939,2014-10-03,64
623,10708,50,4,33,2013-12-28,343
624,6583,54,20,981,2013-03-06,640
625,3641,93,5,36,2013-01-20,685
626,10156,56,19,1237,2013-03-06,640
627,4299,28,27,1825,2012-09-21,806
628,3469,94,6,103,2012-06-09,910
629,5063,76,9,191,2012-12-18,718
630,10727,43,23,1586,2013-11-19,382
631,9624,46,13,963,2014-06-13,176
632,5156,13,21,889,2014-01-15,325
633,4376,27,6,93,2014-02-15,294
634,8923,12,20,1587,2013-04-18,597
635,8461,3,3,16,2014-10-03,64
636,6945,72,31,1375,2013-04-06,609
637,944,6,13,393,2013-08-01,492
638,1907,53,21,1477,2012-09-28,799
639,701,58,16,1179,2013-06-11,543
640,3856,78,22,1005,2012-05-10,940
641,4149,57,20,1348,2014-05-13,207
642,2131,37,19,1307,2012-12-30,706
643,2942,20,13,486,2013-07-05,519
644,1173,73,12,2252,2013-10-03,429
645,4381,56,10,235,2013-08-18,475
646,4611,36,30,1724,2013-01-21,684
647,3376,9,10,235,2013-12-13,358
648,4679,42,25,1092,2014-05-23,197
649,10928,28,15,599,2013-09-16,446
650,4248,23,19,2008,2014-02-17,292
651,6728,38,4,48,2012-08-27,831
652,6661,63,27,1174,2012-12-08,728
653,4725,71,6,67,2014-04-13,237
654,3277,9,13,365,2012-03-08,1003
655,5555,81,0,6,2014-07-02,157
656,2564,87,8,165,2014-04-01,249
657,946,92,9,210,2012-09-22,805
658,3867,36,25,1095,2013-08-31,462
659,6940,86,8,223,2013-10-21,411
660,55,83,18,597,2012-07-12,877
661,7093,74,3,22,2013-11-14,387
662,5084,87,23,1064,2013-12-25,346
663,1777,29,5,74,2012-07-09,880
664,8162,88,4,26,2013-01-01,704
665,10826,77,4,60,2012-12-28,708
666,8754,25,3,20,2013-05-16,569
667,1987,34,5,59,2013-09-25,437
668,11007,43,4,34,2013-09-05,457
669,7426,76,9,198,2013-07-11,513
670,9153,81,25,1048,2013-07-29,495
671,10379,87,16,574,2013-08-11,482
672,9204,33,13,1029,2012-12-09,727
673,3197,38,18,670,2013-12-16,355
674,2920,63,14,990,2012-01-12,1059
675,6961,26,3,11,2014-05-22,198
676,4673,17,18,1241,2012-10-30,767
677,9937,75,16,576,2014-02-01,308
678,8779,13,8,172,2013-06-16,538
679,9596,19,19,664,2013-12-23,348
680,2891,51,21,928,2013-10-18,414
681,4910,81,29,2074,2012-08-30,828
682,75,32,14,467,2013-07-25,499
683,10120,84,10,257,2013-10-24,408
684,6327,87,16,1146,2013-12-19,352
685,10142,99,18,689,2013-07-03,521
686,9826,96,21,2114,2012-12-09,727
687,1501,21,29,1717,2012-04-08,972
688,10767,40,20,1346,2014-05-16,204
689,7279,3,14,1044,2013-09-30,432
690,7230,98,16,493,2012-04-10,970
691,143,73,12,957,2013-08-25,468
692,450,90,9,270,2013-12-07,364
693,9316,29,4,29,2013-02-11,663
694,6379,3,6,121,2013-05-29,556
695,9239,94,7,126,2013-07-26,498
696,8315,65,3,23,2014-03-26,255
697,2868,33,5,57,2013-08-04,489
698,10888,46,18,636,2013-03-11,635
699,1277,29,27,1004,2014-09-04,93
700,9977,99,17,734,2013-09-17,445
701,10196,26,18,614,2014-12-03,3
702,6384,30,18,1453,2014-11-02,34
703,8029,27,14,1621,2014-04-29,221
704,968,24,9,187,2013-12-26,345
705,6988,93,20,1443,2013-10-01,431
706,4472,34,5,57,2014-06-27,162
707,6991,88,18,637,2013-10-04,428
708,3336,96,11,948,2013-11-21,380
709,4301,10,4,59,2013-10-01,431
710,1940,26,3,18,2013-12-07,364
711,1272,49,22,903,2012-10-21,776
712,1388,11,6,112,2013-02-20,654
713,1044,44,17,596,2013-05-14,571
714,6969,75,10,233,2013-07-08,516
715,10479,64,10,1511,2012-07-12,877
716,3619,19,16,1152,2012-09-23,804
717,1715,45,5,48,2013-11-02,399
718,10159,77,25,1185,2013-03-31,615
719,1463,9,3,21,2014-03-29,252
720,5114,1,14,965,2012-12-19,717
721,4990,90,20,869,2013-02-05,669
722,4329,43,4,16,2014-05-23,197
723,10936,79,15,1947,2013-02-13,661
724,4692,19,7,71,2012-01-08,1063
725,7212,99,5,65,2014-08-06,122
726,6086,62,23,1380,2013-11-23,378
727,437,41,22,1027,2014-01-25,315
728,11171,60,14,411,2013-11-10,391
729,11101,17,25,836,2013-04-15,600
730,5329,24,3,11,2013-09-27,435
731,610,60,15,480,2012-07-08,881
732,9384,57,16,606,2013-12-06,365
733,5956,74,11,284,2013-10-16,416
734,10430,22,11,1472,2013-09-10,452
735,7875,46,25,1677,2014-04-29,221
736,7072,69,17,1335,2013-03-29,617
737,6255,29,12,334,2014-03-06,275
738,6516,37,3,18,2013-03-18,628
739,5564,26,18,1338,2012-09-08,819
740,5682,8,26,1099,2013-03-23,623
741,7458,26,6,97,2013-06-03,551
742,5237,79,6,63,2014-01-01,339
743,7761,71,7,109,2013-01-08,697
744,5278,83,20,902,2014-01-25,315
745,3560,57,19,1574,2013-12-05,366
746,7235,37,6,38,2013-09-12,450
747,10548,30,23,960,2014-09-03,94
748,2281,34,3,28,2013-09-15,447
749,4073,0,27,1215,2014-01-29,311
750,6974,89,21,1497,2013-12-31,340
751,7938,92,15,449,2013-03-10,636
752,7094,87,23,1064,2013-12-25,346
753,3667,20,24,1757,2013-02-28,646
754,7723,56,20,1440,2014-02-05,304
755,3870,28,23,1006,2013-09-02,460
756,4012,55,18,1226,2012-11-08,758
757,5909,25,15,1171,2013-09-19,443
758,10470,0,6,92,2013-03-15,631
759,6488,86,7,99,2014-06-04,185
760,10270,8,6,66,2013-03-10,636
761,6887,33,17,564,2014-04-24,226
762,6406,13,20,1427,2013-10-28,404
763,7573,12,5,86,2013-10-05,427
764,4508,92,18,833,2014-05-22,198
765,221,90,9,242,2013-04-27,588
766,5331,8,16,1869,2012-11-09,757
767,1911,6,28,1364,2012-05-09,941
768,20,91,7,183,2013-01-09,696
769,8786,52,14,450,2013-05-26,559
770,10582,3,19,758,2013-03-07,639
771,1915,57,19,1507,2013-12-12,359
772,8897,9,17,654,2013-04-24,591
773,2371,22,6,81,2013-04-13,602
774,4303,76,1,137,2012-08-12,846
775,6825,86,3,16,2013-06-03,551
776,1072,64,6,93,2013-08-30,463
777,4964,90,17,1158,2014-01-26,314
778,2461,79,4,43,2013-12-18,353
779,10736,28,20,1525,2013-12-09,362
780,3194,86,18,1230,2014-05-04,216
781,10839,42,4,29,2014-04-14,236
782,49,39,4,25,2014-11-05,31
783,4290,8,3,24,2014-03-19,262
784,10219,40,4,38,2013-06-18,536
785,4211,5,5,57,2012-10-29,768
786,1135,96,7,47,2014-02-15,294
787,6299,28,18,813,2013-02-01,673
788,10846,22,16,629,2014-05-29,191
789,347,30,13,377,2012-08-09,849
790,6543,45,13,1612,2013-01-15,690
791,10446,58,16,729,2012-07-11,878
792,3479,49,5,50,2013-07-19,505
793,11075,37,11,270,2013-10-29,403
794,4442,70,7,177,2013-05-04,581
795,199,33,12,315,2013-01-20,685
796,6722,98,20,767,2014-06-28,161
797,796,17,23,1071,2012-10-23,774
798,3749,54,23,1580,2013-02-03,671
799,8523,39,7,60,2013-12-14,357
800,310,81,17,573,2013-12-13,358
801,8629,71,4,41,2013-03-26,620
802,236,62,7,170,2013-01-19,686
803,9930,8,27,1167,2013-05-11,574
804,3483,76,22,1526,2013-06-04,550
805,4599,66,15,458,2013-04-11,604
806,7326,83,5,63,2014-03-23,258
807,7352,28,13,405,2013-10-21,411
808,2350,87,13,1027,2013-03-22,624
809,9145,43,20,1478,2013-06-04,550
810,2964,0,4,72,2013-10-16,416
811,5585,1,5,48,2013-04-20,595
812,9687,1,15,726,2014-05-31,189
813,3732,72,21,860,2013-04-02,613
814,6303,72,22,1497,2013-11-23,378
815,11176,12,16,495,2014-12-05,1
816,2986,89,3,20,2014-12-03,3
817,7462,67,16,570,2012-11-24,742
818,3900,54,20,769,2014-03-29,252
819,7034,34,5,55,2013-01-09,696
820,9493,15,17,1808,2013-05-05,580
821,1143,43,5,55,2013-08-08,485
822,1,0,17,577,2014-06-15,174
823,3855,74,7,162,2013-04-18,597
824,5536,61,19,1957,2013-05-22,563
825,5989,51,23,1576,2013-04-16,599
826,9499,97,14,1616,2013-07-05,519
827,6768,75,4,36,2013-12-01,370
828,2150,83,21,1482,2013-11-05,396
829,6646,23,4,22,2014-01-03,337
830,4887,65,5,63,2013-11-22,379
831,8560,94,17,680,2012-10-09,788
832,3321,42,17,542,2013-05-05,580
833,11003,10,5,50,2013-02-10,664
834,10402,94,4,39,2013-02-14,660
835,9904,50,23,1043,2013-03-29,617
836,6141,46,12,385,2013-04-25,590
837,5687,98,26,1633,2012-09-23,804
838,10856,42,4,46,2013-02-07,667
839,5121,30,18,761,2014-03-21,260
840,4186,11,6,76,2013-05-08,577
841,368,61,11,290,2012-11-29,737
842,3312,12,7,89,2014-12-05,1
843,11121,76,7,70,2012-10-11,786
844,5332,2,16,1066,2013-07-27,497
845,5848,43,18,2009,2014-01-13,327
846,10343,27,17,1345,2012-09-29,798
847,5935,60,20,764,2012-12-24,712
848,2895,79,9,195,2013-10-23,409
849,10262,96,7,53,2013-10-05,427
850,7848,17,11,368,2013-06-13,541
851,9477,0,17,544,2014-11-01,35
852,4856,38,24,1853,2012-06-11,908
853,7186,43,4,35,2014-05-26,194
854,5794,1,15,446,2014-03-17,264
855,1456,25,24,1180,2013-01-04,701
856,4877,2,4,41,2014-04-03,247
857,425,66,19,727,2013-02-19,655
858,3007,49,4,40,2012-04-10,970
859,1031,5,25,1062,2013-05-05,580
860,4297,71,5,40,2014-01-26,314
861,807,35,11,292,2014-02-15,294
862,9553,94,3,15,2013-09-01,461
863,4271,80,11,341,2012-04-10,970
864,4120,61,11,369,2013-12-17,354
865,2036,29,14,401,2013-11-06,395
866,115,0,14,393,2013-03-26,620
867,4259,80,3,10,2013-09-24,438
868,8687,54,13,486,2013-06-05,549
869,2447,71,5,69,2012-10-17,780
870,10140,27,16,1727,2013-09-28,434
871,9353,61,14,995,2014-06-01,188
872,3623,55,7,45,2014-11-06,30
873,738,35,8,182,2014-04-04,246
874,7631,34,22,989,2013-06-10,544
875,4789,95,17,1677,2013-09-17,445
876,773,64,16,595,2013-06-30,524
877,10602,30,7,156,2013-02-14,660
878,1446,12,27,1226,2014-05-04,216
879,3270,96,7,128,2013-01-17,688
880,8443,16,6,86,2014-10-02,65
881,9653,16,5,68,2012-10-16,781
882,8916,78,3,16,2013-07-23,501
883,8017,83,5,55,2014-06-19,170
884,5830,96,21,2114,2012-12-09,727
885,4597,67,18,2018,2013-02-07,667
886,7023,87,11,263,2012-11-26,740
887,8086,34,5,55,2013-11-12,389
888,8825,46,16,564,2013-01-04,701
889,2930,7,18,1281,2013-12-16,355
890,1928,73,5,83,2013-09-02,460
891,7108,54,12,353,2012-08-09,849
892,10925,93,24,1003,2014-01-14,326
893,9960,52,3,14,2014-04-30,220
894,8800,53,22,902,2013-01-02,703
895,9224,81,23,1139,2012-12-12,724
896,5519,8,19,797,2013-07-08,516
897,5046,97,23,1638,2014-01-23,317
898,7037,50,14,401,2013-11-08,393
899,905,38,7,84,2013-10-22,410
900,8624,61,17,928,2013-06-02,552
901,8945,46,9,203,2013-08-16,477
902,6445,73,15,858,2013-07-14,510
903,2727,19,12,409,2013-04-12,603
904,6404,10,11,282,2013-03-24,622
905,11074,94,17,1423,2014-09-04,93
906,10150,10,18,1449,2013-11-21,380
907,1968,37,3,28,2013-02-12,662
908,6534,94,5,67,2014-04-01,249
909,9485,23,9,199,2014-10-03,64
910,7053,75,21,1453,2013-06-29,525
911,4654,40,18,1253,2013-07-11,513
912,9760,24,25,1198,2013-01-25,680
913,1048,11,8,178,2013-07-14,510
914,10619,29,17,1990,2012-03-12,999
915,9308,51,13,976,2013-11-05,396
916,10505,86,14,1001,2013-12-26,345
917,8362,9,19,1919,2013-07-08,516
918,2625,30,12,350,2013-11-17,384
919,4637,73,24,1650,2013-05-18,567
920,9972,25,4,46,2014-04-13,237
921,4483,67,18,1228,2013-04-17,598
922,4487,67,6,95,2013-01-24,681
923,4988,58,6,62,2014-04-05,245
924,8931,82,25,1761,2014-05-18,202
925,5871,98,13,467,2012-08-31,827
926,2008,93,18,1149,2014-10-02,65
927,3139,53,18,2052,2013-12-30,341
928,10037,66,15,1127,2014-04-05,245
929,10673,6,20,1416,2013-11-17,384
930,5303,42,19,1113,2014-08-04,124
931,538,78,6,125,2014-10-02,65
932,7922,29,23,966,2012-12-08,728
933,5692,82,4,32,2012-12-22,714
934,4843,92,18,833,2014-05-22,198
935,6383,78,6,46,2014-05-25,195
936,1628,54,16,960,2013-10-24,408
937,1204,45,27,1829,2013-05-22,563
938,3673,59,23,779,2013-07-14,510
939,760,8,21,811,2013-09-08,454
940,8957,51,14,1120,2013-10-06,426
941,4128,51,18,725,2013-07-20,504
942,6810,76,11,1187,2013-05-28,557
943,5386,62,18,2302,2013-04-03,612
944,8700,86,6,66,2012-12-22,714
945,3202,60,18,1250,2012-01-10,1061
946,1328,56,17,683,2014-02-16,293
947,8405,83,11,305,2013-09-30,432
948,6515,92,5,50,2013-06-12,542
949,2882,31,14,995,2012-01-10,1061
950,7574,80,5,41,2014-10-05,62
951,6387,39,6,77,2014-08-05,123
952,5320,20,8,171,2013-01-29,676
953,5048,53,6,131,2013-11-05,396
954,8146,84,4,54,2014-11-05,31
955,10031,50,7,53,2013-10-02,430
956,5748,96,13,475,2012-01-12,1059
957,2134,94,18,694,2012-08-17,841
958,1523,25,6,96,2014-07-05,154
959,9665,48,12,361,2013-04-27,588
960,4640,65,24,1079,2012-09-21,806
961,3635,69,17,578,2014-07-05,154
962,3547,12,5,64,2012-12-30,706
963,2456,84,8,149,2013-10-14,418
964,5633,47,10,231,2014-06-25,164
965,7801,87,18,728,2013-12-09,362
966,10489,35,22,1778,2013-08-19,474
967,7011,47,7,93,2012-12-10,726
968,2620,48,3,23,2013-04-13,602
969,3933,46,18,662,2012-10-13,784
970,10981,27,17,1198,2014-02-02,307
971,1734,37,7,81,2013-01-17,688
972,10995,8,7,92,2012-12-11,725
973,6357,29,15,491,2013-11-17,384
974,9209,85,23,1564,2012-10-14,783
975,10286,2,23,926,2014-03-02,279
976,2611,66,18,1910,2012-01-08,1063
977,1600,60,14,411,2013-11-10,391
978,3308,54,6,94,2014-03-01,280
979,5407,70,23,1085,2013-12-09,362
980,2166,55,3,23,2013-12-07,364
981,3955,20,0,6,2014-06-22,167
982,6634,78,5,54,2013-07-08,516
983,3056,63,26,1150,2013-10-14,418
984,5718,17,22,1415,2013-08-15,478
985,6872,43,14,405,2013-08-21,472
986,8164,13,18,1908,2013-11-25,376
987,4580,46,25,2486,2013-10-25,407
988,9305,65,26,1315,2013-12-05,366
989,453,1,5,45,2014-06-29,160
990,8545,6,16,1789,2014-03-21,260
991,9850,32,3,19,2012-11-29,737
992,7378,34,17,573,2012-08-31,827
993,7646,70,20,805,2014-02-18,291
994,1640,49,6,108,2014-06-22,167
995,5184,65,3,23,2014-03-26,255
996,8492,25,22,1493,2013-09-11,451
997,11188,84,6,89,2014-02-25,284
998,1212,7,22,936,2013-08-13,480
999,9097,34,12,343,2013-03-11,635
1000,10473,38,19,528,2012-10-09,788
1001,7962,1,11,1901,2013-09-10,452
1002,9984,25,17,724,2013-03-27,619
1003,5527,25,5,58,2013-02-13,661
1004,6374,50,11,297,2013-05-17,568
1005,7453,46,15,488,2013-02-02,672
1006,8952,96,21,859,2012-05-11,939
1007,241,57,19,1574,2013-12-05,366
1008,8975,47,6,69,2014-01-26,314
1009,6119,52,3,17,2013-10-05,427
1010,5236,30,20,2194,2012-08-25,833
1011,5723,63,7,116,2014-11-01,35
1012,1710,51,11,279,2013-07-03,521
1013,1970,14,6,103,2012-10-09,788
1014,5313,20,6,44,2014-04-18,232
1015,10634,56,14,406,2014-04-19,231
1016,7010,41,19,1363,2014-07-04,155
1017,8562,72,10,236,2013-05-28,557
1018,3158,1,4,39,2013-03-01,645
1019,4436,27,7,137,2013-02-20,654
1020,5287,77,7,79,2014-06-19,170
1021,2445,87,5,63,2013-07-07,517
1022,6059,81,18,1314,2013-04-03,612
1023,4550,51,5,71,2014-06-24,165
1024,4240,79,5,58,2012-03-11,1000
1025,8911,11,18,702,2013-08-04,489
1026,3706,54,6,94,2013-08-21,472
1027,3628,93,5,80,2013-01-29,676
1028,10175,0,4,22,2013-01-08,697
1029,8985,54,27,1211,2012-04-11,969
1030,5204,21,21,1461,2013-06-29,525
1031,9220,58,19,1968,2013-01-17,688
1032,9888,3,15,1091,2014-06-25,164
1033,5263,99,4,55,2013-01-22,683
1034,1020,70,18,1366,2014-12-05,1
1035,9503,65,11,313,2012-08-29,829
1036,10613,44,7,62,2014-02-26,283
1037,67,6,6,92,2013-09-18,444
1038,6019,9,5,72,2014-03-30,251
1039,5863,95,17,655,2013-05-29,556
1040,3717,70,16,704,2014-04-23,227
1041,6730,92,5,54,2012-03-11,1000
1042,10749,62,1,178,2012-09-18,809
1043,4998,85,13,1033,2014-05-23,197
1044,6287,2,4,36,2013-07-30,494
1045,5985,0,7,122,2012-10-13,784
1046,4754,91,6,122,2013-09-25,437
1047,4002,3,26,1123,2013-10-13,419
1048,8870,68,12,497,2012-11-13,753
1049,966,98,19,691,2013-05-07,578
1050,4767,41,19,1363,2014-07-04,155
1051,9725,16,3,12,2014-05-06,214
1052,4475,82,24,2440,2013-02-16,658
1053,5740,1,5,56,2013-02-14,660
1054,5731,64,4,37,2013-05-04,581
1055,7290,68,20,968,2012-05-10,940
1056,3846,98,11,270,2012-08-29,829
1057,8104,32,11,278,2013-09-08,454
1058,4507,87,21,1250,2012-11-27,739
1059,11013,84,16,938,2013-03-31,615
1060,4491,3,17,1178,2012-01-10,1061
1061,3759,34,24,1155,2013-07-25,499
1062,1162,23,18,653,2013-10-01,431
1063,2055,37,4,49,2014-05-19,201
1064,10766,22,16,506,2014-11-04,32
1065,4415,19,5,38,2012-12-09,727
1066,3005,7,22,1650,2014-01-05,335
1067,2223,52,25,1826,2012-03-08,1003
1068,4817,91,3,18,2012-04-08,972
1069,2875,93,23,906,2014-04-03,247
1070,10536,78,6,46,2014-05-25,195
1071,11112,23,19,1477,2012-03-12,999
1072,3807,83,20,766,2012-11-30,736
1073,9197,92,5,47,2014-02-24,285
1074,10832,4,13,467,2013-07-18,506
1075,6421,32,20,2116,2013-03-07,639
1076,4207,27,24,1298,2013-01-05,700
1077,577,10,4,22,2013-08-20,473
1078,10855,9,13,396,2014-01-22,318
1079,3081,65,3,20,2013-04-22,593
1080,3535,68,12,967,2014-03-17,264
1081,247,16,13,357,2012-11-17,749
1082,8707,12,15,1401,2012-08-22,836
1083,9523,95,3,15,2013-08-17,476
1084,6072,16,19,2087,2013-02-02,672
1085,6295,46,22,981,2013-04-02,613
1086,10914,3,4,17,2013-12-10,361
1087,1509,80,22,523,2013-04-01,614
1088,5577,77,3,23,2014-03-05,276
1089,7348,0,16,1192,2014-03-17,264
1090,1127,62,19,1958,2014-05-29,191
1091,1833,91,7,133,2014-04-26,224
1092,4944,24,16,777,2013-08-23,470
1093,9080,2,6,73,2013-06-22,532
1094,6466,22,7,121,2014-12-03,3
1095,9964,56,14,424,2013-07-08,516
1096,4790,54,12,868,2014-02-06,303
1097,10245,71,14,756,2012-10-31,766
1098,1109,38,3,12,2013-04-23,592
1099,6001,62,23,937,2013-02-01,673
1100,5538,78,17,1862,2013-08-10,483
1101,10552,18,12,367,2013-05-20,565
1102,1545,95,14,443,2013-02-08,666
1103,7409,66,11,267,2013-10-26,406
1104,4444,28,5,61,2014-03-24,257
1105,146,78,20,1323,2013-11-15,386
1106,6271,13,5,63,2014-06-19,170
1107,10065,27,6,64,2013-03-08,638
1108,4741,17,17,562,2014-01-30,310
1109,246,71,12,312,2014-05-31,189
1110,375,79,15,1156,2013-02-25,649
1111,1524,1,15,1104,2013-01-03,702
1112,10022,78,3,16,2014-09-02,95
1113,7451,23,19,2008,2014-02-17,292
1114,11010,75,6,44,2013-08-30,463
1115,4356,70,11,1574,2013-08-28,465
1116,3885,10,4,63,2013-10-16,416
1117,1175,24,11,426,2013-09-20,442
1118,880,47,5,96,2013-01-16,689
1119,2320,98,18,635,2013-12-09,362
1120,850,4,20,757,2013-06-10,544
1121,4713,15,7,125,2012-11-22,744
1122,675,67,11,332,2013-05-17,568
1123,5025,32,7,135,2013-12-24,347
1124,2308,40,12,330,2012-11-18,748
1125,5995,54,13,384,2012-12-18,718
1126,6749,78,14,1722,2012-08-08,850
1127,1010,94,5,78,2014-04-24,226
1128,8977,51,3,24,2013-12-01,370
1129,4756,42,24,1168,2013-12-20,351
1130,3412,67,13,957,2013-01-15,690
1131,606,87,3,15,2013-10-10,422
1132,5961,29,4,57,2014-07-06,153
1133,2975,89,22,1956,2012-12-11,725
1134,2894,74,20,2013,2013-10-29,403
1135,7613,97,12,326,2014-05-24,196
1136,10542,63,6,77,2012-05-08,942
1137,8015,88,19,1313,2013-03-05,641
1138,10617,34,6,30,2014-05-22,198
1139,11166,81,12,315,2013-02-02,672
1140,849,65,18,660,2013-06-20,534
1141,523,51,6,74,2013-01-31,674
1142,4066,76,5,46,2014-11-05,31
1143,8414,76,6,86,2013-08-17,476
1144,819,84,24,1103,2013-05-11,574
1145,4961,56,7,61,2014-01-21,319
1146,749,31,7,145,2013-11-19,382
1147,5430,0,19,684,2012-09-14,813
1148,7755,91,14,411,2013-12-11,360
1149,10525,40,3,27,2012-10-13,784
1150,1453,59,25,1060,2013-06-07,547
1151,8310,96,21,1459,2012-08-29,829
1152,10710,61,3,18,2012-08-29,829
1153,5031,14,25,1833,2012-09-22,805
1154,2613,16,10,237,2014-03-04,277
1155,213,98,6,48,2014-05-28,192
1156,967,11,16,515,2013-07-21,503
1157,1077,52,14,1020,2012-05-12,938
1158,7959,19,10,1370,2014-05-29,191
1159,640,61,23,1026,2013-11-03,398
1160,4252,73,11,301,2014-03-23,258
1161,8432,0,19,684,2012-09-14,813
1162,6218,74,16,499,2012-10-20,777
1163,6905,55,20,1004,2012-08-22,836
1164,5922,48,10,218,2013-10-13,419
1165,3598,53,18,606,2013-05-23,562
1166,6116,13,5,75,2013-05-07,578
1167,6263,34,6,106,2012-08-22,836
1168,10486,54,16,990,2013-05-29,556
1169,2410,69,15,1097,2014-01-22,318
1170,193,81,3,16,2014-02-17,292
1171,3363,99,4,34,2014-03-17,264
1172,8278,3,15,1711,2012-08-26,832
1173,10660,61,14,438,2014-12-01,5
1174,8686,65,5,75,2013-08-01,492
1175,1604,93,10,225,2013-11-13,388
1176,5907,24,3,18,2012-03-11,1000
1177,10669,8,15,470,2013-05-17,568
1178,2918,72,6,91,2013-04-13,602
1179,5735,29,17,2525,2014-02-13,296
1180,359,33,16,504,2013-01-13,692
1181,8387,68,10,235,2013-05-01,584
1182,1829,55,18,1232,2013-01-19,686
1183,3839,76,7,88,2013-03-05,641
1184,9392,17,3,17,2014-08-05,123
1185,2292,94,4,24,2013-02-08,666
1186,10466,86,5,60,2013-08-22,471
1187,9855,25,25,1020,2013-08-25,468
1188,4088,22,8,155,2012-06-12,907
1189,5231,15,4,51,2014-02-27,282
1190,590,35,15,1812,2012-12-22,714
1191,8732,81,21,1461,2012-11-17,749
1192,2315,55,5,96,2014-04-20,230
1193,3515,94,8,160,2014-02-17,292
1194,2245,50,7,139,2013-04-22,593
1195,6283,64,21,908,2013-04-21,594
1196,2246,91,7,183,2013-01-09,696
1197,6606,11,17,1161,2013-03-31,615
1198,5545,72,13,988,2014-05-04,216
1199,7342,6,24,1072,2012-09-09,818
1200,837,0,8,174,2013-11-09,392
1201,9500,66,19,758,2013-01-25,680
1202,3602,42,9,195,2013-12-31,340
1203,234,60,4,31,2012-10-10,787
1204,2995,64,16,1084,2013-08-17,476
1205,1118,87,19,685,2013-02-20,654
1206,7789,96,25,1672,2013-11-22,379
1207,3068,1,5,43,2013-10-29,403
1208,8955,54,4,49,2014-02-16,293
1209,945,53,7,133,2013-05-22,563
1210,5644,96,13,363,2013-12-10,361
1211,7192,58,16,545,2013-04-15,600
1212,2324,12,29,1065,2013-10-27,405
1213,697,78,20,2047,2013-12-03,368
1214,3439,64,10,296,2012-10-31,766
1215,1506,26,7,140,2013-06-28,526
1216,232,8,16,530,2013-07-17,507
1217,8876,49,8,152,2012-08-08,850
1218,4500,56,23,1598,2013-06-10,544
1219,9739,55,6,114,2013-01-19,686
1220,10395,25,7,101,2012-08-22,836
1221,1176,50,3,25,2013-09-22,440
1222,1627,84,21,789,2013-01-26,679
1223,938,30,5,87,2013-07-30,494
1224,2740,81,7,90,2013-09-22,440
1225,257,74,18,1215,2013-04-28,587
1226,4058,76,21,811,2013-12-10,361
1227,7736,36,5,61,2012-10-22,775
1228,8210,64,13,405,2013-08-15,478
1229,833,62,6,72,2014-03-30,251
1230,6230,53,9,189,2013-02-15,659
1231,7325,86,4,40,2013-06-29,525
1232,1307,15,7,63,2014-09-02,95
1233,1502,67,5,52,2013-03-21,625
1234,6211,47,4,39,2014-02-05,304
1235,843,47,21,805,2014-05-26,194
1236,4174,81,7,130,2014-04-17,233
1237,9757,98,23,1631,2013-04-10,605
1238,6918,56,4,34,2013-04-07,608
1239,286,48,8,152,2013-11-29,372
1240,11086,18,4,21,2014-01-18,322
1241,1921,74,5,71,2013-03-10,636
1242,4138,68,22,899,2014-05-24,196
1243,7718,36,9,711,2014-04-20,230
1244,1291,90,12,351,2012-04-08,972
1245,6862,65,0,8,2014-05-18,202
1246,4136,63,7,119,2012-03-12,999
1247,803,82,3,21,2013-05-04,581
1248,4298,63,3,10,2014-03-24,257
1249,10833,55,24,973,2014-05-24,196
1250,9606,64,12,1536,2013-08-27,466
1251,8534,51,24,992,2013-07-16,508
1252,5153,97,32,1529,2013-02-22,652
1253,961,92,15,860,2013-12-09,362
1254,5011,51,21,928,2013-10-18,414
1255,6653,72,14,418,2012-07-30,859
1256,9094,39,14,587,2012-03-08,1003
1257,810,49,17,641,2014-12-05,1
1258,5493,21,3,23,2014-03-19,262
1259,2147,91,22,2279,2013-08-16,477
1260,5107,37,4,49,2014-05-19,201
1261,3979,98,16,1779,2013-05-22,563
1262,6049,85,26,1804,2013-05-12,573
1263,8147,40,5,48,2013-06-07,547
1264,1857,2,5,83,2014-06-03,186
1265,3910,78,17,1862,2013-08-10,483
1266,5207,41,19,793,2012-09-24,803
1267,11114,94,6,84,2013-08-02,491
1268,5429,10,9,183,2013-08-20,473
1269,9400,73,18,1383,2014-06-21,168
1270,1740,22,14,999,2014-07-04,155
1271,7488,30,21,825,2013-01-22,683
1272,195,21,10,246,2012-08-26,832
1273,635,51,17,610,2013-03-19,627
1274,7527,97,6,76,2012-11-21,745
1275,10319,56,18,1286,2013-02-26,648
1276,2296,4,3,30,2013-12-16,355
1277,10637,77,6,99,2013-01-01,704
1278,2931,95,22,1192,2012-09-21,806
1279,907,36,13,362,2013-11-29,372
1280,3698,13,18,2130,2012-09-08,819
1281,9516,90,26,1229,2012-08-18,840
1282,679,49,4,38,2012-09-20,807
1283,7384,18,15,485,2013-07-21,503
1284,5043,89,11,434,2012-05-11,939
1285,5267,43,4,44,2013-03-14,632
1286,339,82,16,496,2012-11-23,743
1287,2516,84,5,78,2013-08-06,487
1288,9010,80,22,2346,2013-10-02,430
1289,378,68,19,794,2012-12-30,706
1290,4808,12,3,17,2013-05-09,576
1291,5068,75,4,26,2013-07-31,493
1292,7628,10,6,76,2014-03-18,263
1293,7128,91,3,15,2013-07-12,512
1294,2811,21,5,62,2014-12-04,2
1295,3551,28,8,198,2014-03-29,252
1296,1663,97,4,49,2013-10-25,407
1297,5543,49,20,802,2013-06-24,530
1298,1577,14,14,1736,2014-02-19,290
1299,10641,5,6,57,2012-12-27,709
1300,5336,37,2,59,2013-04-06,609
1301,6024,62,18,2302,2013-04-03,612
1302,1878,83,5,37,2014-02-18,291
1303,3099,48,11,310,2013-02-25,649
1304,6055,94,18,1305,2012-01-11,1060
1305,5841,61,21,832,2013-06-28,526
1306,3972,70,13,401,2013-03-04,642
1307,4394,43,22,1501,2014-05-23,197
1308,5758,23,27,1189,2014-01-14,326
1309,6658,37,25,1194,2013-07-22,502
1310,4603,50,19,656,2014-01-31,309
1311,8427,78,22,1540,2012-11-23,743
1312,10260,74,12,311,2013-08-26,467
1313,7143,14,21,820,2013-06-11,543
1314,8789,77,11,274,2014-11-01,35
1315,6197,39,6,57,2013-04-20,595
1316,4554,89,13,448,2013-01-10,695
1317,4937,62,4,44,2014-10-06,61
1318,1920,59,6,102,2013-07-29,495
1319,8749,68,4,61,2014-01-02,338
1320,1650,13,26,1643,2013-04-22,593
1321,10377,37,12,397,2013-06-06,548
1322,9206,36,24,1121,2014-07-01,158
1323,10971,28,12,473,2012-03-09,1002
1324,6398,2,6,50,2014-03-29,252
1325,9212,17,22,1678,2013-02-14,660
1326,7937,86,6,58,2014-04-18,232
1327,839,54,8,170,2013-09-25,437
1328,4246,2,2,373,2013-12-12,359
1329,158,3,16,1196,2013-11-17,384
1330,4832,84,6,101,2014-07-03,156
1331,5621,8,12,316,2012-12-12,724
1332,1945,4,18,1400,2013-09-18,444
1333,5147,57,26,1424,2013-07-29,495
1334,2535,24,19,844,2012-08-18,840
1335,11039,51,11,311,2013-09-17,445
1336,9495,29,16,1149,2013-08-05,488
1337,9635,13,7,129,2014-04-20,230
1338,2173,23,4,32,2013-10-16,416
1339,942,36,11,299,2012-08-08,850
1340,9386,88,12,320,2014-05-29,191
1341,5510,2,13,441,2012-11-21,745
1342,873,3,17,1178,2012-01-10,1061
1343,2253,15,5,85,2013-02-16,658
1344,5181,58,3,24,2013-03-20,626
1345,979,11,6,112,2013-02-20,654
1346,10390,27,4,30,2013-10-02,430
1347,4698,32,14,410,2013-06-20,534
1348,7793,12,21,800,2013-08-31,462
1349,1745,88,19,1313,2013-03-05,641
1350,10590,91,22,1483,2013-03-30,616
1351,5080,12,16,1258,2013-10-21,411
1352,8369,21,3,28,2012-08-11,847
1353,5232,23,10,227,2014-01-27,313
1354,2407,10,19,1555,2012-09-11,816
1355,3834,35,21,861,2013-03-17,629
1356,7912,69,6,103,2013-04-22,593
1357,7712,68,18,634,2014-04-28,222
1358,1065,85,18,1918,2013-12-29,342
1359,7275,34,7,131,2013-04-10,605
1360,1343,55,16,586,2012-09-26,801
1361,1384,10,5,62,2013-11-23,378
1362,9967,30,14,447,2013-05-30,555
1363,6181,36,26,939,2012-07-31,858
1364,10507,14,11,797,2013-07-25,499
1365,2674,79,15,1143,2012-04-09,971
1366,2698,52,14,415,2013-07-11,513
1367,3231,97,4,30,2013-11-25,376
1368,4096,24,9,187,2013-12-26,345
1369,10476,0,10,251,2014-05-13,207
1370,5948,96,10,237,2014-04-29,221
1371,9140,89,6,91,2013-12-25,346
1372,10258,94,4,35,2013-06-05,549
1373,5675,98,16,493,2012-04-10,970
1374,4743,72,23,971,2013-03-03,643
1375,8805,1,13,371,2012-02-12,1028
1376,1542,26,14,396,2013-12-30,341
1377,6770,5,5,68,2013-08-20,473
1378,8773,22,12,322,2013-06-25,529
1380,10420,56,9,222,2014-05-05,215
1381,7514,74,8,177,2013-03-07,639
1384,793,24,5,45,2012-06-10,909
1385,10909,9,20,1899,2014-01-15,325
1387,8702,10,4,22,2013-08-20,473
1388,4791,35,4,41,2012-12-16,720
1389,2963,56,20,1440,2014-02-05,304
1390,8216,7,11,325,2013-11-10,391
1391,8140,51,7,95,2013-03-10,636
1392,10146,17,4,42,2014-02-03,306
1393,5289,30,4,72,2012-09-11,816
1394,2587,21,5,20,2014-05-15,205
1395,4405,2,21,789,2013-07-30,494
1396,8663,85,3,15,2014-05-22,198
1397,2589,65,6,59,2014-07-02,157
1398,3421,64,21,908,2013-04-21,594
1399,10490,11,12,417,2012-10-12,785
1400,4094,92,11,289,2012-08-25,833
1401,9958,54,20,769,2014-03-29,252
1402,2534,4,8,188,2014-04-21,229
1403,4188,53,11,354,2012-08-13,845
1404,6613,39,20,727,2012-12-10,726
1405,10827,49,7,146,2012-07-08,881
1406,5491,70,12,319,2013-11-04,397
1407,8402,40,20,794,2013-12-17,354
1408,8783,40,15,454,2012-08-09,849
1409,10010,43,7,152,2012-06-09,910
1410,618,17,21,797,2012-09-28,799
1411,9121,40,14,1690,2013-05-20,565
1412,361,84,3,20,2014-02-18,291
1413,4310,25,20,1428,2014-01-22,318
1414,2678,62,8,209,2013-02-13,661
1415,6376,83,15,545,2013-10-06,426
1416,524,47,5,96,2013-01-16,689
1417,10341,45,9,222,2014-02-23,286
1418,5654,34,5,61,2014-03-16,265
1419,4098,3,6,44,2014-01-28,312
1420,5824,1,3,8,2014-11-04,32
1421,7000,18,22,817,2013-10-13,419
1422,2561,45,19,1371,2012-11-11,755
1423,5229,81,4,42,2014-02-16,293
1424,4086,77,4,60,2012-12-28,708
1425,2428,23,6,78,2013-04-05,610
1426,8254,48,3,23,2013-04-13,602
1427,2836,61,3,19,2013-09-16,446
1428,8418,60,5,61,2014-03-30,251
1429,1362,75,13,449,2013-04-03,612
1430,7152,64,4,37,2013-05-04,581
1431,10033,54,4,38,2014-02-13,296
1432,9349,84,22,1131,2013-12-19,352
1433,274,75,5,34,2013-12-23,348
1434,3388,16,12,294,2013-10-30,402
1435,922,79,4,48,2013-04-05,610
1436,8588,92,11,289,2012-08-25,833
1437,2518,16,3,30,2013-01-25,680
1438,574,96,6,125,2014-04-23,227
1439,3220,30,7,156,2013-02-14,660
1440,5967,60,6,70,2013-07-18,506
1441,1183,11,3,22,2013-09-21,441
1442,6856,75,6,65,2012-03-09,1002
1443,4530,36,20,1930,2012-10-24,773
1444,1553,71,22,2283,2013-09-27,435
1445,4682,88,12,310,2013-10-15,417
1446,8204,93,17,1319,2012-12-16,720
1447,5221,93,22,879,2012-01-12,1059
1448,1232,54,16,1244,2013-10-25,407
1449,1927,41,13,690,2014-03-23,258
1450,5788,46,9,209,2013-02-17,657
1451,6652,28,16,1134,2014-09-06,91
1452,6246,40,22,1507,2013-11-13,388
1453,5975,82,5,57,2013-09-30,432
1454,6875,38,15,529,2012-08-28,830
1455,4399,3,15,1091,2014-06-25,164
1456,4042,87,8,180,2012-10-13,784
1457,2157,49,6,77,2013-12-01,370
1458,10133,16,25,2349,2014-12-02,4
1459,2525,65,16,534,2012-09-14,813
1460,8233,9,17,556,2014-01-26,314
1461,9483,24,18,637,2013-08-19,474
1462,2945,25,4,46,2014-04-13,237
1463,10403,43,6,44,2014-06-18,171
1464,5074,10,4,47,2013-08-07,486
1465,10524,29,18,795,2013-06-20,534
1466,4690,45,17,586,2013-02-13,661
1467,7521,57,19,1574,2013-12-05,366
1468,7196,20,3,13,2014-08-02,126
1469,4406,29,21,1471,2013-01-16,689
1470,9672,82,5,65,2013-12-21,350
1471,4864,68,8,175,2013-02-05,669
1472,4706,65,4,40,2013-04-27,588
1473,4070,99,17,1078,2012-01-09,1062
1474,25,9,19,1115,2012-11-16,750
1475,3697,20,7,134,2013-12-02,369
1476,217,78,22,1540,2012-11-23,743
1477,4220,26,6,87,2013-02-11,663
1478,5286,68,9,217,2013-10-28,404
1479,9559,79,25,1034,2014-01-24,316
1480,2849,25,24,1180,2013-01-04,701
1481,7787,83,20,819,2012-08-31,827
1482,3102,32,4,32,2013-10-16,416
1483,5868,49,4,46,2013-08-22,471
1484,8370,50,16,1159,2012-02-08,1032
1485,9988,84,22,860,2013-03-03,643
1486,2939,96,14,1631,2014-06-22,167
1487,5529,56,15,444,2014-10-06,61
1488,9743,85,27,1910,2013-11-01,400
1489,5763,63,13,380,2013-10-11,421
1490,3478,17,20,736,2013-06-24,530
1491,7494,11,11,269,2013-01-21,684
1492,1763,62,28,2524,2013-07-27,497
1493,7250,48,18,612,2013-01-10,695
1494,2005,86,6,75,2013-11-12,389
1495,10770,73,24,1045,2014-01-26,314
1496,6885,36,5,55,2013-01-12,693
1497,2072,34,15,1064,2012-08-16,842
1498,9463,16,21,1443,2012-11-13,753
1499,6318,48,29,1366,2013-01-13,692
1500,4093,61,12,436,2013-11-02,399
1501,5751,54,4,38,2014-02-13,296
1502,3340,56,14,436,2012-08-17,841
1503,3594,74,19,747,2012-05-11,939
1504,3584,35,20,1396,2012-08-20,838
1505,3643,65,13,928,2014-03-20,261
1506,851,48,17,642,2013-09-07,455
1507,7706,88,24,1048,2012-07-11,878
1508,3967,19,23,943,2013-10-25,407
1509,10128,21,22,907,2013-08-06,487
1510,486,27,17,1198,2014-02-02,307
1511,9,86,7,120,2012-08-18,840
1512,9451,92,23,1658,2012-11-25,741
1513,9264,1,21,1638,2014-04-27,223
1514,3865,14,6,73,2013-04-30,585
1515,2853,74,10,275,2014-11-03,33
1516,1490,84,21,854,2012-11-28,738
1517,6310,4,6,78,2013-09-09,453
1518,10380,50,6,106,2013-09-20,442
1519,3887,2,5,106,2012-11-11,755
1520,4278,73,18,1923,2013-03-06,640
1521,8643,21,21,1662,2013-05-26,559
1522,1998,82,6,84,2014-07-02,157
1523,10795,14,5,48,2014-06-05,184
1524,11110,56,0,5,2013-04-13,602
1525,2408,20,20,733,2012-11-20,746
1526,202,54,17,1234,2014-05-04,216
1527,7998,77,6,112,2012-11-12,754
1528,830,5,14,1658,2014-02-24,285
1529,3536,65,5,55,2013-03-24,622
1530,6050,33,22,1513,2012-11-12,754
1531,125,65,11,271,2013-05-15,570
1532,3463,41,23,904,2014-06-14,175
1533,2804,86,7,120,2012-08-18,840
1534,3745,92,6,103,2012-04-09,971
1535,9771,97,11,269,2012-05-10,940
1536,451,91,4,22,2013-12-20,351
1537,10530,0,15,1156,2013-07-12,512
1538,1079,59,16,1086,2012-10-16,781
1539,8920,4,25,1128,2013-12-01,370
1540,6678,5,7,72,2014-03-28,253
1541,3852,48,23,964,2013-08-03,490
1542,528,99,19,1383,2012-11-29,737
1543,73,81,3,18,2013-05-26,559
1544,5589,95,21,793,2012-08-31,827
1545,10212,43,6,100,2013-01-13,692
1546,6365,5,5,80,2013-02-09,665
1547,5636,50,7,167,2012-09-11,816
1548,591,76,18,677,2013-01-20,685
1549,2217,46,3,23,2013-03-29,617
1550,2544,68,6,92,2013-12-10,361
1551,7725,33,15,641,2014-08-03,125
1552,8091,50,16,1106,2012-02-09,1031
1553,7321,85,13,1033,2014-05-23,197
1554,5462,63,27,1174,2012-12-08,728
1555,7791,89,4,25,2013-09-15,447
1556,955,81,10,240,2012-10-28,769
1557,4037,77,3,20,2013-06-14,540
1558,6642,50,7,102,2013-01-23,682
1559,2793,10,23,1034,2013-07-21,503
1560,5424,30,7,156,2013-02-14,660
1561,879,66,15,458,2013-04-11,604
1562,9530,16,3,17,2012-01-11,1060
1563,4828,12,20,792,2014-06-18,171
1564,10699,30,6,92,2014-06-16,173
1565,1497,8,14,407,2013-01-19,686
1566,7476,93,19,1269,2012-02-12,1028
1567,4390,14,21,841,2014-04-15,235
1568,10478,53,18,633,2012-09-27,800
1569,1081,26,14,1019,2013-03-27,619
1570,4261,23,25,1315,2012-11-24,742
1571,9916,92,5,54,2012-03-11,1000
1572,5350,29,17,2525,2014-02-13,296
1573,8135,41,4,52,2013-10-28,404
1574,8685,56,14,436,2012-08-17,841
1575,4967,19,11,268,2013-03-29,617
1576,2130,4,7,147,2014-03-23,258
1577,9298,89,17,1798,2014-04-28,222
1578,8175,71,7,137,2013-06-21,533
1579,6257,81,16,507,2013-01-23,682
1580,3790,31,3,15,2014-01-23,317
1581,9952,53,16,1105,2013-11-12,389
1582,3503,78,14,974,2013-02-12,662
1583,5223,80,6,66,2014-04-23,227
1584,4608,18,26,778,2014-02-25,284
1585,1626,37,4,49,2014-05-19,201
1586,4764,52,8,169,2012-08-19,839
1587,2471,39,11,299,2014-06-27,162
1588,5892,11,10,221,2013-10-04,428
1589,2612,33,24,1682,2013-12-24,347
1590,4971,22,8,155,2012-06-12,907
1591,5185,83,12,892,2013-02-14,660
1592,10069,43,4,58,2012-08-31,827
1593,2262,74,12,311,2013-08-26,467
1594,1131,54,6,95,2014-05-04,216
1595,1041,3,14,424,2012-10-18,779
1596,24,96,7,47,2014-02-15,294
1597,3409,68,12,339,2013-10-15,417
1598,7022,2,20,1410,2012-09-28,799
1599,7943,40,5,35,2014-04-25,225
1600,5272,64,16,562,2013-06-27,527
1601,5453,26,23,2352,2012-09-26,801
1602,2565,69,19,1334,2013-01-06,699
1603,800,57,4,32,2013-08-30,463
1604,11092,78,5,41,2014-02-03,306
1605,5062,71,4,39,2013-07-27,497
1606,8969,59,21,1141,2013-01-16,689
1607,4656,28,19,710,2013-03-30,616
1608,4480,61,14,401,2014-09-03,94
1609,9971,22,16,506,2014-11-04,32
1610,6729,95,20,1538,2012-10-08,789
1611,1773,38,5,57,2012-04-12,968
1612,9242,19,18,1722,2013-08-17,476
1613,1764,92,11,270,2013-09-08,454
1614,6215,24,4,31,2013-12-29,342
1615,10099,21,21,882,2013-05-10,575
1616,5423,35,3,16,2013-10-27,405
1617,940,9,12,311,2014-05-18,202
1618,3011,23,10,227,2014-01-27,313
1619,3298,92,24,1152,2012-08-11,847
1620,8286,55,7,122,2013-08-20,473
1621,9668,14,6,77,2013-12-01,370
1622,5120,78,18,1289,2012-09-25,802
1623,6097,64,15,561,2013-01-16,689
1624,7019,49,9,211,2013-01-23,682
1625,7408,8,10,233,2014-03-03,278
1626,8041,35,15,1092,2012-08-09,849
1627,252,11,16,601,2013-03-17,629
1628,9986,8,7,54,2014-02-22,287
1629,3276,53,6,78,2013-10-25,407
1630,3859,36,25,1095,2013-08-31,462
1631,3570,64,10,244,2013-10-21,411
1632,3783,43,7,116,2014-03-24,257
1633,10207,40,3,15,2013-06-19,535
1634,10906,52,14,425,2013-08-10,483
1635,3427,11,20,734,2013-12-04,367
1636,5209,21,17,638,2013-06-17,537
1637,10711,23,21,894,2013-02-10,664
1638,10785,17,5,41,2014-06-19,170
1639,2814,6,4,31,2013-06-27,527
1640,6866,56,4,34,2014-03-23,258
1641,1665,71,13,1750,2013-09-23,439
1642,6575,51,17,612,2012-10-27,770
1643,3829,94,4,29,2013-10-12,420
1644,3091,27,20,823,2014-02-05,304
1645,10141,1,3,20,2013-10-05,427
1646,5177,56,14,396,2013-12-12,359
1647,7005,71,20,813,2014-06-16,173
1648,6409,18,19,1179,2013-05-18,567
1649,7485,48,7,138,2014-07-05,154
1650,8079,86,6,55,2014-02-26,283
1651,8395,48,21,1511,2012-08-20,838
1652,10352,2,6,117,2012-07-09,880
1653,4931,13,28,1730,2013-04-29,586
1654,13,57,4,32,2013-07-22,502
1655,1834,77,5,67,2014-08-03,125
1656,2285,0,12,335,2013-05-28,557
1657,2295,57,21,825,2014-02-02,307
1658,1378,24,17,694,2013-07-24,500
1659,2781,55,16,1792,2014-06-23,166
1660,1165,62,15,496,2013-02-05,669
1661,1404,89,9,231,2013-05-15,570
1662,6457,77,22,902,2014-05-29,191
1663,2639,45,6,68,2014-10-01,66
1664,8299,46,5,71,2013-11-09,392
1665,6437,80,5,76,2013-06-19,535
1666,6912,60,21,772,2013-08-20,473
1667,7327,71,6,47,2013-12-29,342
1668,5299,43,23,1586,2013-11-19,382
1669,4127,97,32,1529,2013-02-22,652
1670,8143,49,11,265,2013-07-30,494
1671,1964,66,17,1603,2013-05-09,576
1672,3690,20,21,2091,2013-11-01,400
1673,3433,54,20,981,2013-03-06,640
1674,3389,61,30,1533,2012-11-22,744
1675,4712,18,6,82,2012-11-28,738
1676,1170,45,10,244,2013-03-25,621
1677,6347,26,4,36,2013-06-27,527
1678,4065,0,14,404,2013-12-02,369
1679,8230,28,5,71,2014-01-23,317
1680,1215,49,22,1572,2013-08-10,483
1681,5939,84,7,122,2014-01-17,323
1682,2156,38,6,41,2012-03-11,1000
1683,7788,53,3,10,2014-04-06,244
1684,10323,88,11,304,2013-10-25,407
1685,7947,99,4,37,2014-03-25,256
1686,1891,12,15,1754,2012-08-08,850
1687,2570,35,21,815,2013-07-23,501
1688,9256,5,23,1001,2013-04-01,614
1689,295,77,21,1157,2013-07-19,505
1690,7397,45,18,688,2013-07-19,505
1691,6349,71,18,1319,2013-06-07,547
1692,10790,40,3,21,2013-02-19,655
1693,10398,82,3,31,2012-08-27,831
1694,2431,70,5,67,2012-12-31,705
1695,550,87,19,708,2013-05-23,562
1696,1890,95,3,25,2012-09-19,808
1697,10742,72,11,746,2013-02-27,647
1698,10356,5,4,32,2012-09-22,805
1699,4676,86,23,1695,2014-05-03,217
1700,8852,80,23,1080,2012-08-31,827
1701,3565,62,6,72,2014-03-30,251
1702,5294,49,7,57,2013-11-20,381
1703,1958,85,19,660,2014-03-21,260
1704,7349,7,7,103,2012-02-10,1030
1705,8799,6,8,153,2013-09-23,439
1706,1351,25,28,1220,2012-09-20,807
1707,1045,55,11,279,2012-08-16,842
1708,7732,81,19,745,2014-02-01,308
1709,8070,98,11,264,2014-01-03,337
1710,477,31,21,2157,2014-06-17,172
1711,7832,30,22,1526,2013-08-28,465
1712,2202,98,5,69,2013-09-04,458
1713,7396,92,25,1597,2012-10-11,786
1714,4055,41,6,64,2014-05-29,191
1715,10340,68,12,497,2012-11-13,753
1716,10091,78,15,1067,2013-05-20,565
1717,7629,46,5,31,2014-08-05,123
1718,10640,71,9,211,2013-05-09,576
1719,3498,6,21,877,2012-11-25,741
1720,6742,82,3,11,2013-01-13,692
1721,1172,71,24,2034,2013-01-05,700
1722,569,32,18,1991,2013-12-14,357
1723,4686,28,24,1686,2014-02-04,305
1724,1381,20,12,324,2014-01-28,312
1725,2634,10,6,69,2014-04-18,232
1726,10905,7,11,252,2012-10-29,768
1727,1744,67,4,54,2013-07-01,523
1728,1000,48,23,964,2013-08-03,490
1729,3828,61,26,1327,2013-02-17,657
1730,8605,36,5,68,2014-03-23,258
1731,10304,77,4,60,2012-12-28,708
1732,4351,90,4,55,2013-04-27,588
1733,10129,35,20,1456,2014-12-03,3
1734,2499,38,17,563,2013-06-05,549
1735,10092,46,22,1504,2013-02-18,656
1736,7500,33,17,564,2014-04-24,226
1737,5796,70,22,1125,2013-11-26,375
1738,10556,51,13,358,2014-05-24,196
1739,1064,18,4,42,2013-11-12,389
1740,48,97,8,184,2014-04-24,226
1741,7610,32,14,460,2013-04-18,597
1742,263,9,7,145,2014-05-28,192
1743,10814,6,24,1376,2013-01-16,689
1744,9710,80,21,792,2013-01-20,685
1745,9292,74,22,1382,2012-10-26,771
1746,10250,49,3,28,2012-11-20,746
1747,7881,21,23,1033,2013-09-28,434
1748,5847,95,20,882,2013-05-29,556
1749,737,56,13,2231,2013-03-03,643
1750,3571,48,16,1101,2012-10-16,781
1751,7807,26,11,369,2012-12-09,727
1752,3878,3,4,48,2014-02-27,282
1753,5092,39,15,467,2013-12-02,369
1754,2154,33,5,44,2012-12-25,711
1755,5394,42,6,38,2013-03-17,629
1756,3798,80,6,81,2013-06-11,543
1757,3524,9,8,167,2013-04-08,607
1758,5247,52,5,45,2014-10-05,62
1759,5883,78,18,664,2013-05-26,559
1760,2118,68,17,622,2013-10-09,423
1761,8812,45,5,48,2013-10-03,429
1762,6616,47,14,461,2013-10-23,409
1763,2797,34,25,1073,2013-08-20,473
1764,4328,81,6,55,2013-07-09,515
1765,9167,72,23,976,2013-03-26,620
1766,10560,23,4,20,2014-06-16,173
1767,2631,29,16,1149,2013-08-05,488
1768,8312,80,5,43,2014-06-15,174
1769,5534,30,8,224,2013-10-20,412
1770,5093,15,6,101,2012-09-18,809
1771,7592,86,9,209,2013-04-18,597
1772,8895,68,20,968,2012-05-10,940
1773,8584,54,16,1165,2013-08-06,487
1774,2694,44,4,24,2014-03-18,263
1775,8910,7,11,252,2012-10-29,768
1776,7433,87,8,165,2012-08-29,829
1777,164,59,11,269,2012-10-13,784
1778,10477,16,6,102,2013-06-08,546
1779,2681,1,18,461,2013-01-08,697
1780,5150,64,5,47,2012-12-17,719
1781,5283,72,7,144,2014-02-17,292
1782,9645,98,23,1338,2012-10-14,783
1783,10678,91,23,917,2013-11-28,373
1784,7261,8,12,318,2013-01-01,704
1785,9648,20,10,253,2012-03-11,1000
1786,2870,6,15,502,2012-09-21,806
1787,8008,54,6,119,2013-09-12,450
1788,1513,72,16,1250,2012-08-28,830
1789,6173,46,23,969,2013-02-11,663
1790,1419,11,6,76,2013-05-08,577
1791,9150,21,5,62,2014-12-04,2
1792,7960,89,25,1382,2013-08-15,478
1793,1250,82,6,84,2014-07-02,157
1794,9905,69,9,255,2013-07-13,511
1795,10691,55,4,43,2013-06-14,540
1796,7002,13,13,398,2013-03-10,636
1797,2952,80,6,76,2014-04-16,234
1798,8439,97,13,902,2014-06-06,183
1799,762,27,20,823,2014-02-05,304
1800,2831,99,24,1179,2014-06-27,162
1801,6977,87,28,1921,2012-10-14,783
1802,6289,85,8,185,2013-04-28,587
1803,4168,30,14,433,2013-03-20,626
1804,8397,82,4,34,2014-10-01,66
1805,9284,21,22,907,2013-08-06,487
1806,6237,92,25,416,2013-07-12,512
1807,3130,95,6,44,2013-04-06,609
1808,1619,2,16,1588,2014-04-28,222
1809,1990,74,16,1797,2012-05-11,939
1810,5513,49,4,40,2012-04-10,970
1811,269,71,15,1143,2012-11-16,750
1812,8093,72,13,914,2014-06-28,161
1813,10513,68,11,1502,2013-01-20,685
1814,10177,4,17,1338,2013-02-14,660
1815,2549,80,4,27,2013-07-21,503
1816,5782,15,20,763,2013-09-28,434
1817,10057,70,21,1331,2013-07-19,505
1818,10307,91,16,525,2013-08-31,462
1819,8566,10,3,9,2014-06-15,174
1820,2415,99,13,953,2014-07-04,155
1821,5684,25,5,68,2013-11-10,391
1822,8334,34,7,131,2013-04-10,605
1823,9166,57,20,882,2013-09-08,454
1824,1440,84,23,1149,2012-04-09,971
1825,78,51,4,37,2013-09-15,447
1826,5441,97,13,388,2013-08-25,468
1827,5302,13,15,1428,2013-02-15,659
1828,4687,92,23,1633,2013-05-23,562
1829,1087,30,7,173,2013-05-22,563
1830,6859,30,7,99,2013-08-10,483
1831,9860,11,9,215,2013-03-15,631
1832,7129,72,23,929,2013-02-17,657
1833,5866,39,9,219,2014-03-20,261
1834,10521,0,8,174,2013-11-09,392
1835,7393,15,6,92,2012-10-12,785
1836,7849,12,24,1052,2013-09-09,453
1837,332,56,11,275,2013-03-22,624
1838,9847,39,14,587,2012-03-08,1003
1839,531,55,22,1662,2012-09-22,805
1840,9576,60,8,159,2013-11-02,399
1841,6906,73,17,1024,2013-03-06,640
1842,7419,90,5,35,2014-04-23,227
1843,3170,86,14,1042,2013-08-31,462
1844,8527,37,14,395,2013-07-12,512
1845,7872,7,22,557,2012-12-09,727
1846,9931,29,0,9,2014-06-23,166
1847,10595,19,5,69,2013-08-07,486
1848,4609,14,15,486,2014-11-01,35
1849,5010,72,4,34,2014-02-02,307
1850,4427,56,27,1365,2012-09-18,809
1851,11148,85,3,13,2013-05-19,566
1852,1168,62,20,1401,2012-10-29,768
1853,9595,1,13,1574,2013-11-01,400
1854,10163,28,19,1323,2013-10-09,423
1855,2886,70,28,1217,2013-12-08,363
1856,6710,84,6,103,2012-11-17,749
1857,5316,89,6,84,2013-04-07,608
1858,9029,73,22,1536,2013-01-26,679
1859,521,42,16,581,2012-09-18,809
1860,1459,16,13,928,2012-07-11,878
1861,10241,16,3,14,2013-12-15,356
1862,1630,56,14,424,2013-07-08,516
1863,3254,65,13,960,2013-10-14,418
1864,9064,10,19,1555,2012-09-11,816
1865,3678,13,18,656,2012-07-10,879
1866,4227,78,6,55,2013-06-09,545
1867,9467,51,4,20,2014-11-05,31
1868,8486,27,13,367,2012-01-10,1061
1869,2186,30,21,2257,2014-10-03,64
1870,3286,71,5,42,2014-01-03,337
1871,8602,97,24,1049,2013-12-06,365
1872,3722,83,5,48,2014-04-16,234
1873,6715,3,19,685,2013-02-01,673
1874,4796,71,4,39,2014-04-19,231
1875,9612,3,4,43,2014-07-02,157
1876,3766,15,18,835,2012-08-16,842
1877,1399,52,19,1515,2014-01-21,319
1878,1570,8,24,1039,2013-02-19,655
1879,3426,89,23,1596,2013-07-15,509
1880,3074,66,17,1828,2012-10-15,782
1881,8341,22,4,34,2014-04-30,220
1882,5180,56,8,149,2014-04-18,232
1883,6461,74,22,946,2013-05-19,566
1884,7679,48,5,28,2014-05-19,201
1885,10702,67,15,450,2012-03-11,1000
1886,7505,24,4,46,2014-01-19,321
1887,5113,67,15,1702,2013-07-11,513
1888,10858,38,21,820,2013-09-09,453
1889,2961,86,13,382,2013-02-26,648
1890,2747,90,19,2126,2012-08-31,827
1891,3010,87,19,2069,2014-02-05,304
1892,5790,62,5,72,2013-01-27,678
1893,6892,23,20,732,2014-03-06,275
1894,1743,99,10,801,2014-05-26,194
1895,3578,29,10,236,2013-10-20,412
1896,8462,52,4,80,2012-09-09,818
1897,5558,90,14,1685,2014-03-31,250
1898,4619,9,27,277,2014-05-28,192
1899,8780,71,16,507,2013-06-13,541
1900,10789,13,5,68,2013-02-23,651
1901,10779,16,4,49,2014-04-13,237
1902,5896,94,14,397,2014-03-18,263
1903,2337,77,6,39,2013-10-24,408
1904,10951,20,12,306,2014-01-25,315
1905,544,51,13,976,2013-11-05,396
1906,17,81,24,1028,2013-06-09,545
1907,10680,71,6,70,2014-05-02,218
1908,3265,36,4,46,2013-03-19,627
1909,5623,95,4,51,2013-09-26,436
1910,5832,32,21,1263,2014-04-20,230
1911,5544,32,20,1490,2012-10-11,786
1912,6417,85,23,1564,2012-10-14,783
1913,5831,93,15,1815,2012-08-22,836
1914,7101,24,25,1198,2013-01-25,680
1915,10176,44,16,416,2012-08-24,834
1916,2326,15,5,85,2013-02-16,658
1917,4385,82,6,47,2013-05-31,554
1918,2929,27,7,137,2013-02-20,654
1919,10686,72,3,21,2012-12-26,710
1920,2546,7,5,70,2014-06-22,167
1921,3283,57,20,909,2014-01-19,321
1922,3138,84,22,1676,2012-10-20,777
1923,4994,53,25,1735,2013-01-10,695
1924,7966,48,27,1191,2013-08-01,492
1925,3112,2,4,24,2013-05-09,576
1926,10872,65,17,1182,2012-11-23,743
1927,2181,45,13,1280,2013-06-23,531
1928,1867,42,18,1336,2012-11-13,753
1929,1518,29,19,749,2013-06-17,537
1930,5734,83,6,91,2013-11-20,381
1931,2878,93,13,414,2013-09-28,434
1932,1458,40,6,44,2014-07-01,158
1933,7007,47,6,63,2014-01-04,336
1934,6200,50,21,901,2013-08-04,489
1935,1403,40,4,38,2012-06-09,910
1936,4827,3,15,455,2013-10-03,429
1937,6250,62,21,775,2012-11-19,747
1938,9291,25,3,15,2014-03-23,258
1939,2478,48,5,38,2013-08-31,462
1940,1139,56,21,1512,2014-06-02,187
1941,5138,68,4,43,2013-01-14,691
1942,5393,64,4,42,2012-07-08,881
1943,10413,67,22,1089,2014-04-25,225
1944,5015,94,7,162,2012-09-14,813
1945,10868,82,17,1272,2013-06-02,552
1946,10676,3,18,1173,2012-02-11,1029
1947,2495,24,21,816,2014-06-20,169
1948,7842,54,6,74,2013-03-31,615
1949,9955,20,7,134,2013-12-02,369
1950,6663,96,8,157,2013-08-07,486
1951,2162,19,16,561,2013-09-18,444
1952,3434,60,18,1336,2014-12-05,1
1953,7919,2,22,2092,2012-08-13,845
1954,5626,13,15,463,2013-11-23,378
1955,6428,37,16,1130,2014-03-05,276
1956,8514,59,4,20,2014-01-17,323
1957,10448,55,13,377,2012-10-22,775
1958,2109,60,27,1544,2013-04-23,592
1959,7530,48,7,138,2014-07-05,154
1960,8925,38,23,1012,2013-03-07,639
1961,3009,8,14,1766,2013-09-07,455
1962,6355,19,6,45,2014-06-17,172
1963,3517,32,7,161,2013-06-05,549
1964,1158,27,7,144,2014-05-01,219
1965,6203,58,25,1734,2013-08-24,469
1966,7165,59,20,823,2013-10-22,410
1967,3595,29,26,1138,2014-02-28,281
1968,8537,60,20,1429,2013-02-27,647
1969,4331,41,20,1371,2014-01-23,317
1970,6281,27,14,982,2013-02-14,660
1971,4338,28,4,44,2014-03-25,256
1972,2452,8,12,318,2013-01-01,704
1973,9507,18,14,434,2013-07-04,520
1974,8360,76,9,198,2013-07-11,513
1975,10311,0,25,359,2013-05-10,575
1976,5117,32,16,576,2012-02-08,1032
1977,4867,2,7,88,2013-09-20,442
1978,9289,16,5,63,2014-10-04,63
1979,10913,56,3,27,2012-05-12,938
1980,3032,97,8,193,2013-02-27,647
1981,8524,15,6,101,2012-09-18,809
1982,3334,35,21,2211,2014-12-02,4
1983,4470,3,7,140,2013-10-06,426
1984,1406,49,14,415,2013-12-02,369
1985,8619,4,3,22,2012-12-24,712
1986,10821,45,10,263,2013-06-02,552
1987,4552,37,11,393,2013-06-22,532
1988,898,39,7,147,2013-10-21,411
1989,9797,38,14,443,2014-04-13,237
1990,10949,8,18,1958,2013-12-16,355
1991,8212,89,8,174,2013-03-28,618
1992,6248,47,27,2217,2013-10-17,415
1993,10164,75,15,1691,2014-03-04,277
1994,4547,86,4,25,2013-04-17,598
1995,6815,4,21,809,2014-05-23,197
1996,4122,73,15,895,2012-08-29,829
1997,10841,46,15,484,2012-12-25,711
1998,5370,38,14,413,2013-01-16,689
1999,176,73,11,331,2014-02-01,308
2000,4860,66,4,25,2013-08-03,490
2001,10757,36,3,13,2013-12-24,347
2002,4023,29,7,115,2012-06-09,910
2003,6679,29,3,16,2014-12-06,0
2004,9923,6,6,92,2013-09-18,444
2005,7181,97,5,52,2013-07-11,513
2006,3599,61,20,1464,2012-11-26,740
2007,405,68,13,441,2013-02-13,661
2008,6870,73,11,283,2013-09-17,445
2009,832,90,20,747,2014-02-03,306
2010,2002,81,16,1870,2013-05-20,565
2011,3657,1,8,165,2013-02-14,660
2012,500,79,23,1941,2013-06-08,546
2013,1951,92,21,839,2013-01-27,678
2014,3262,31,24,1655,2012-07-08,881
2015,4102,46,3,23,2013-03-29,617
2016,7042,14,5,66,2013-01-03,702
2017,10598,89,5,37,2013-04-15,600
2018,255,31,4,21,2014-03-30,251
2019,2375,75,3,22,2012-09-25,802
2020,9829,42,6,78,2014-12-02,4
2021,6214,53,5,79,2013-05-04,581
2022,4954,53,11,265,2014-01-21,319
2023,7861,23,17,1175,2014-05-02,218
2024,4837,57,26,1305,2013-02-16,658
2025,9423,49,6,46,2014-02-23,286
2026,4198,6,3,25,2013-12-03,368
2027,153,29,4,46,2013-10-17,415
2028,9323,5,22,874,2012-07-09,880
2029,10001,98,6,100,2012-01-08,1063
2030,3945,80,23,930,2013-10-03,429
2031,3799,4,20,868,2013-11-26,375
2032,8625,70,6,45,2013-12-11,360
2033,3491,32,25,1260,2013-04-29,586
2034,983,82,11,414,2013-09-28,434
2035,9119,27,13,392,2013-05-12,573
2036,4786,94,25,1109,2012-04-10,970
2037,5872,23,18,639,2013-01-06,699
2038,6568,97,5,79,2013-03-28,618
2039,5628,25,23,1665,2013-08-02,491
2040,5631,92,17,692,2013-02-05,669
2041,4974,98,19,1392,2012-09-25,802
2042,8416,19,5,44,2013-11-29,372
2043,5454,80,5,50,2013-01-12,693
2044,4095,80,13,467,2012-11-09,757
2045,5474,79,9,223,2013-11-30,371
2046,4268,50,8,158,2014-09-06,91
2047,10701,60,27,1211,2013-11-09,392
2048,3507,44,12,1575,2012-08-17,841
2049,2079,0,21,1208,2013-12-27,344
2050,626,28,4,43,2013-09-03,459
2051,4426,35,15,527,2013-09-22,440
2052,2591,49,13,932,2014-06-22,167
2053,10509,46,6,71,2014-02-06,303
2054,6382,97,4,54,2014-06-26,163
2055,6673,51,6,129,2013-03-19,627
2056,7441,80,24,1615,2012-06-10,909
2057,1071,10,23,1034,2013-07-21,503
2058,10061,29,23,1088,2013-05-01,584
2060,8775,74,7,137,2013-12-27,344
2062,2345,54,16,1244,2013-10-25,407
2063,322,93,5,41,2013-12-01,370
2064,10897,63,27,1174,2012-12-08,728
2065,123,92,13,993,2013-06-01,553
2066,6103,40,6,100,2013-06-09,545
2067,7899,70,15,1680,2012-10-29,768
2068,10500,96,7,98,2014-05-04,216
2069,1655,81,4,48,2013-10-19,413
2070,2406,63,16,519,2013-05-08,577
2071,2712,85,19,715,2013-12-25,346
2072,5517,51,4,37,2013-09-15,447
2073,10643,23,18,653,2013-10-01,431
2074,2254,95,20,1455,2013-07-07,517
2075,10281,11,17,602,2014-07-02,157
2076,6958,42,4,26,2013-05-07,578
2077,954,77,6,102,2014-03-27,254
2080,4643,40,7,176,2012-08-26,832
2082,6497,32,13,433,2012-07-11,878
2083,5396,48,29,1366,2013-01-13,692
2085,1052,24,24,1001,2013-02-16,658
2086,2802,61,17,961,2012-12-15,721
2087,6343,6,22,1518,2014-03-31,250
2088,6507,16,6,56,2013-04-10,605
2089,7901,39,3,22,2013-06-11,543
2090,4865,2,14,400,2013-08-31,462
2091,2686,49,3,26,2013-10-21,411
2092,3107,31,12,350,2014-02-05,304
2093,7734,58,21,1216,2012-12-19,717
2094,1146,5,22,874,2012-07-09,880
2095,11031,90,4,40,2013-05-21,564
2096,7428,47,18,1367,2013-09-30,432
2097,975,25,10,264,2013-05-28,557
2098,1103,60,18,2053,2012-09-29,798
2099,3422,67,9,1376,2012-11-29,737
2100,1055,40,4,45,2014-03-20,261
2101,6544,63,24,976,2014-05-22,198
2102,1241,1,4,51,2012-09-17,810
2103,2909,89,18,1264,2014-02-19,290
2104,5802,40,6,75,2013-02-28,646
2105,1407,5,5,57,2012-10-29,768
2106,6183,3,7,140,2013-10-06,426
2107,340,1,17,497,2012-12-15,721
2108,5991,24,10,266,2013-08-06,487
2109,3104,89,20,2006,2012-09-17,810
2110,9729,48,17,615,2013-02-06,668
2111,1008,31,23,1021,2012-12-21,715
2112,11091,68,4,22,2014-05-16,204
2113,3969,46,6,133,2013-01-11,694
2114,1916,92,14,437,2013-07-24,500
2115,9907,80,24,1013,2013-04-12,603
2116,87,16,5,57,2013-08-26,467
2117,8659,50,25,1038,2014-01-21,319
2118,6262,93,21,1573,2013-10-04,428
2119,6147,51,3,28,2012-10-18,779
2120,8832,24,7,123,2012-12-09,727
2121,10067,79,3,13,2013-10-08,424
2122,7532,26,7,132,2012-08-30,828
2123,4915,86,19,732,2012-03-08,1003
2124,2115,68,5,66,2014-06-20,169
2125,2088,98,23,1631,2013-04-10,605
2126,2493,34,16,608,2013-02-08,666
2127,6292,60,17,1822,2013-03-30,616
2128,1631,3,19,1282,2012-03-09,1002
2129,10104,65,3,8,2013-03-11,635
2130,3006,83,4,43,2013-04-22,593
2131,3919,64,19,1931,2013-11-03,398
2132,11181,85,0,8,2013-08-29,464
2133,642,69,5,103,2012-08-14,844
2134,4369,48,14,1169,2014-10-01,66
2135,10127,21,14,395,2014-06-04,185
2136,271,30,10,258,2013-02-10,664
2137,4973,39,4,25,2014-11-05,31
2138,2948,76,9,185,2014-01-03,337
2139,2715,11,7,180,2012-06-08,911
2140,10432,26,4,22,2014-01-30,310
2141,9216,34,5,44,2014-01-23,317
2142,7124,72,7,94,2013-01-02,703
2143,9727,13,6,81,2014-02-28,281
2144,5136,58,21,798,2014-01-17,323
2145,9790,12,18,1334,2013-11-23,378
2146,1818,23,4,38,2014-03-25,256
2147,1100,33,7,61,2014-03-24,257
2148,7873,30,12,300,2013-06-07,547
2149,10609,15,6,88,2013-12-10,361
2150,6950,25,5,54,2013-12-15,356
2151,7233,4,14,1782,2012-09-17,810
2152,9481,80,7,68,2014-01-28,312
2153,7699,30,10,258,2013-02-10,664
2154,2711,6,4,31,2013-06-27,527
2155,8933,16,6,66,2014-12-05,1
2156,8726,57,8,174,2014-04-29,221
2157,1515,9,4,28,2014-01-22,318
2158,5186,59,20,731,2014-12-03,3
2159,10157,78,11,274,2014-01-25,315
2160,5667,90,23,1701,2012-11-10,756
2161,902,74,12,312,2014-04-03,247
2162,977,10,14,414,2013-01-08,697
2163,7313,63,22,1565,2013-03-06,640
2164,7600,13,4,29,2013-10-28,404
2165,9706,98,6,94,2013-06-24,530
2166,2429,4,17,1338,2013-02-14,660
2167,3520,94,14,1092,2013-03-27,619
2168,10394,91,17,1479,2013-12-23,348
2169,4548,66,4,54,2013-11-23,378
2170,9362,14,17,568,2014-05-03,217
2171,3968,77,26,1199,2013-06-28,526
2172,4084,41,21,873,2014-01-17,323
2173,6721,21,14,1213,2013-07-29,495
2174,2829,25,20,731,2014-10-03,64
2175,1772,2,18,2043,2013-11-01,400
2176,1544,51,16,1893,2012-12-22,714
2177,492,3,14,424,2012-10-18,779
2178,4377,32,13,575,2013-07-01,523
2179,4541,84,10,257,2013-10-24,408
2180,1321,49,6,56,2013-04-11,604
2181,8858,69,17,542,2013-07-03,521
2182,3266,96,6,125,2014-04-23,227
2183,11187,23,6,69,2013-05-20,565
2184,8207,18,4,40,2014-03-18,263
2185,9723,8,24,1016,2013-10-01,431
2186,2666,21,22,907,2014-06-02,187
2187,5721,60,23,1566,2014-11-05,31
2188,10652,48,14,1169,2014-10-01,66
2189,1646,36,5,46,2014-03-16,265
2190,4418,36,24,1644,2013-02-25,649
2191,2656,63,4,59,2013-02-21,653
2192,7990,2,3,17,2012-02-08,1032
2193,8722,38,24,1853,2012-06-11,908
2194,7118,61,20,1528,2012-01-08,1063
2195,2980,52,6,35,2013-03-22,624
2196,1839,25,7,141,2014-04-21,229
2197,10722,63,15,546,2013-08-21,472
2198,2632,10,13,500,2013-06-18,536
2199,9014,65,6,61,2014-06-26,163
2200,7620,71,6,106,2013-05-08,577
2201,10968,0,22,704,2012-11-23,743
2202,11133,3,14,424,2012-10-18,779
2203,2736,88,21,849,2013-02-01,673
2204,1876,15,5,85,2013-02-16,658
2205,5959,80,9,199,2012-10-15,782
2206,1092,17,16,1147,2012-11-08,758
2207,4333,76,6,54,2014-03-23,258
2208,3850,52,4,43,2012-07-12,877
2209,6168,28,4,53,2013-07-15,509
2210,607,31,16,521,2013-02-13,661
2211,10469,42,17,1623,2014-05-02,218
2212,6983,24,5,45,2014-01-05,335
2213,3661,42,18,1435,2012-12-10,726
2214,9303,12,1,32,2013-07-30,494
2215,692,88,3,16,2012-12-20,716
2216,736,67,5,52,2013-03-21,625
2217,9589,54,17,1234,2014-05-04,216
2218,4838,40,3,15,2013-06-19,535
2219,9246,73,13,415,2012-10-14,783
2220,6261,81,15,470,2013-11-26,375
2221,7366,12,20,1438,2013-04-07,608
2222,10659,7,7,53,2013-07-05,519
2223,1448,33,6,51,2014-06-25,164
2224,4286,24,19,679,2014-09-01,96
2225,4749,55,16,586,2012-09-26,801
2226,4478,87,18,653,2013-03-24,622
2227,4201,39,14,468,2013-03-03,643
2229,10084,9,5,50,2014-05-18,202
2230,7004,82,6,84,2013-03-16,630
2231,9817,71,25,1049,2012-08-21,837
2232,8080,50,3,22,2012-08-17,841
2233,9432,23,7,62,2013-02-06,668
2234,8372,81,3,30,2013-01-07,698
2235,10870,46,16,1341,2013-06-13,541
2236,4001,56,15,444,2014-10-06,61
2237,7270,91,18,1241,2014-01-25,315
2238,8235,8,21,843,2014-01-24,316
2239,9405,40,8,172,2012-10-15,782
