,id,recency,frequency,monetary,r_quartile,f_quartile,m_quartile,rfmscore,tier
15,2114,23,19,1315,4,4,4,444,stars
51,4114,2,19,1693,4,4,4,444,stars
67,9369,19,21,1274,4,4,4,444,stars
135,1685,21,17,1482,4,4,4,444,stars
155,10240,10,16,1381,4,4,4,444,stars
161,9260,20,19,1706,4,4,4,444,stars
163,10095,9,15,1293,4,4,4,444,stars
209,380,17,20,1804,4,4,4,444,stars
252,10089,5,19,1112,4,4,4,444,stars
336,7381,10,17,1442,4,4,4,444,stars
338,9560,18,15,1674,4,4,4,444,stars
412,7030,1,23,1485,4,4,4,444,stars
519,3711,19,16,1902,4,4,4,444,stars
676,4673,17,15,1241,4,4,4,444,stars
740,5682,8,17,1099,4,4,4,444,stars
749,4073,0,17,1215,4,4,4,444,stars
753,3667,20,19,1757,4,4,4,444,stars
762,6406,13,16,1427,4,4,4,444,stars
767,1911,6,23,1364,4,4,4,444,stars
797,796,17,19,1071,4,4,4,444,stars
803,9930,8,19,1167,4,4,4,444,stars
859,1031,5,16,1062,4,4,4,444,stars
878,1446,12,18,1226,4,4,4,444,stars
912,9760,24,20,1198,4,4,4,444,stars
1047,4002,3,19,1123,4,4,4,444,stars
1153,5031,14,16,1833,4,4,4,444,stars
1197,6606,11,15,1161,4,4,4,444,stars
1199,7342,6,18,1072,4,4,4,444,stars
1212,2324,12,18,1065,4,4,4,444,stars
1308,5758,23,23,1189,4,4,4,444,stars
1320,1650,13,17,1643,4,4,4,444,stars
1325,9212,17,19,1678,4,4,4,444,stars
1458,10133,16,18,2349,4,4,4,444,stars
1498,9463,16,16,1443,4,4,4,444,stars
1521,8643,21,16,1662,4,4,4,444,stars
1539,8920,4,23,1128,4,4,4,444,stars
1570,4261,23,19,1315,4,4,4,444,stars
1598,7022,2,15,1410,4,4,4,444,stars
1612,9242,19,15,1722,4,4,4,444,stars
1672,3690,20,17,2091,4,4,4,444,stars
1743,10814,6,19,1376,4,4,4,444,stars
1836,7849,12,15,1052,4,4,4,444,stars
1914,7101,24,20,1198,4,4,4,444,stars
1953,7919,2,18,2092,4,4,4,444,stars
2049,2079,0,15,1208,4,4,4,444,stars
2128,1631,3,15,1282,4,4,4,444,stars
2145,9790,12,15,1334,4,4,4,444,stars
8,4855,19,5,46,4,1,1,411,rookies
42,8430,4,3,22,4,1,1,411,rookies
44,2139,19,5,31,4,1,1,411,rookies
66,1386,0,3,11,4,1,1,411,rookies
78,10401,12,3,18,4,1,1,411,rookies
81,2261,5,3,16,4,1,1,411,rookies
160,2795,0,3,13,4,1,1,411,rookies
183,10796,16,4,66,4,1,1,411,rookies
189,6431,13,5,68,4,1,1,411,rookies
195,7224,24,3,31,4,1,1,411,rookies
205,624,5,2,35,4,1,1,411,rookies
216,7264,2,3,17,4,1,1,411,rookies
259,3153,24,3,17,4,1,1,411,rookies
269,4557,11,4,67,4,1,1,411,rookies
284,8962,18,5,37,4,1,1,411,rookies
290,9262,11,4,52,4,1,1,411,rookies
294,10451,6,3,25,4,1,1,411,rookies
296,2874,20,4,32,4,1,1,411,rookies
322,8275,6,3,20,4,1,1,411,rookies
327,3896,3,4,37,4,1,1,411,rookies
333,2521,10,3,59,4,1,1,411,rookies
337,4099,14,4,62,4,1,1,411,rookies
344,8234,13,3,18,4,1,1,411,rookies
377,4459,13,4,37,4,1,1,411,rookies
408,5049,19,5,46,4,1,1,411,rookies
420,5929,14,5,48,4,1,1,411,rookies
425,7284,8,3,20,4,1,1,411,rookies
442,5029,14,3,14,4,1,1,411,rookies
443,10642,13,4,37,4,1,1,411,rookies
448,2541,7,5,48,4,1,1,411,rookies
467,9213,13,3,15,4,1,1,411,rookies
471,1581,18,3,17,4,1,1,411,rookies
488,3436,24,4,20,4,1,1,411,rookies
496,8737,22,5,43,4,1,1,411,rookies
501,10623,2,4,32,4,1,1,411,rookies
569,3525,19,3,17,4,1,1,411,rookies
593,6424,9,4,49,4,1,1,411,rookies
595,4992,12,5,69,4,1,1,411,rookies
597,7444,20,4,30,4,1,1,411,rookies
608,2457,23,4,45,4,1,1,411,rookies
635,8461,3,3,16,4,1,1,411,rookies
709,4301,10,3,59,4,1,1,411,rookies
719,1463,9,3,21,4,1,1,411,rookies
730,5329,24,3,11,4,1,1,411,rookies
783,4290,8,3,24,4,1,1,411,rookies
785,4211,5,5,57,4,1,1,411,rookies
811,5585,1,5,48,4,1,1,411,rookies
829,6646,23,4,22,4,1,1,411,rookies
833,11003,10,5,50,4,1,1,411,rookies
856,4877,2,4,41,4,1,1,411,rookies
881,9653,16,5,68,4,1,1,411,rookies
962,3547,12,5,64,4,1,1,411,rookies
981,3955,20,0,6,4,1,1,411,rookies
989,453,1,5,45,4,1,1,411,rookies
1018,3158,1,4,39,4,1,1,411,rookies
1028,10175,0,4,22,4,1,1,411,rookies
1044,6287,2,3,36,4,1,1,411,rookies
1051,9725,16,3,12,4,1,1,411,rookies
1053,5740,1,3,56,4,1,1,411,rookies
1065,4415,19,4,38,4,1,1,411,rookies
1077,577,10,4,22,4,1,1,411,rookies
1086,10914,3,4,17,4,1,1,411,rookies
1106,6271,13,5,63,4,1,1,411,rookies
1116,3885,10,3,63,4,1,1,411,rookies
1176,5907,24,3,18,4,1,1,411,rookies
1184,9392,17,3,17,4,1,1,411,rookies
1189,5231,15,4,51,4,1,1,411,rookies
1207,3068,1,5,43,4,1,1,411,rookies
1240,11086,18,4,21,4,1,1,411,rookies
1258,5493,21,3,23,4,1,1,411,rookies
1276,2296,4,3,30,4,1,1,411,rookies
1290,4808,12,3,17,4,1,1,411,rookies
1294,2811,21,5,62,4,1,1,411,rookies
1299,10641,5,5,57,4,1,1,411,rookies
1338,2173,23,4,32,4,1,1,411,rookies
1352,8369,21,2,28,4,1,1,411,rookies
1361,1384,10,4,62,4,1,1,411,rookies
1377,6770,5,4,68,4,1,1,411,rookies
1384,793,24,5,45,4,1,1,411,rookies
1387,8702,10,4,22,4,1,1,411,rookies
1392,10146,17,4,42,4,1,1,411,rookies
1394,2587,21,5,20,4,1,1,411,rookies
1420,5824,1,3,8,4,1,1,411,rookies
1437,2518,16,2,30,4,1,1,411,rookies
1441,1183,11,3,22,4,1,1,411,rookies
1464,5074,10,4,47,4,1,1,411,rookies
1468,7196,20,3,13,4,1,1,411,rookies
1523,10795,14,5,48,4,1,1,411,rookies
1562,9530,16,3,17,4,1,1,411,rookies
1614,6215,24,3,31,4,1,1,411,rookies
1638,10785,17,5,41,4,1,1,411,rookies
1639,2814,6,4,31,4,1,1,411,rookies
1645,10141,1,3,20,4,1,1,411,rookies
1698,10356,5,4,32,4,1,1,411,rookies
1725,2634,10,5,69,4,1,1,411,rookies
1739,1064,18,4,42,4,1,1,411,rookies
1752,3878,3,4,48,4,1,1,411,rookies
1766,10560,23,4,20,4,1,1,411,rookies
1791,9150,21,5,62,4,1,1,411,rookies
1819,8566,10,3,9,4,1,1,411,rookies
1847,10595,19,5,69,4,1,1,411,rookies
1861,10241,16,3,14,4,1,1,411,rookies
1875,9612,3,4,43,4,1,1,411,rookies
1881,8341,22,3,34,4,1,1,411,rookies
1886,7505,24,3,46,4,1,1,411,rookies
1900,10789,13,5,68,4,1,1,411,rookies
1901,10779,16,4,49,4,1,1,411,rookies
1925,3112,2,4,24,4,1,1,411,rookies
1978,9289,16,4,63,4,1,1,411,rookies
1985,8619,4,3,22,4,1,1,411,rookies
2016,7042,14,4,66,4,1,1,411,rookies
2026,4198,6,3,25,4,1,1,411,rookies
2042,8416,19,5,44,4,1,1,411,rookies
2088,6507,16,5,56,4,1,1,411,rookies
2102,1241,1,4,51,4,1,1,411,rookies
2105,1407,5,5,57,4,1,1,411,rookies
2116,87,16,5,57,4,1,1,411,rookies
2146,1818,23,4,38,4,1,1,411,rookies
2154,2711,6,4,31,4,1,1,411,rookies
2157,1515,9,4,28,4,1,1,411,rookies
2164,7600,13,4,29,4,1,1,411,rookies
2183,11187,23,5,69,4,1,1,411,rookies
2184,8207,18,4,40,4,1,1,411,rookies
2192,7990,2,3,17,4,1,1,411,rookies
2212,6983,24,5,45,4,1,1,411,rookies
2214,9303,12,1,32,4,1,1,411,rookies
2222,10659,7,5,53,4,1,1,411,rookies
2229,10084,9,4,50,4,1,1,411,rookies
2,4141,26,18,776,3,4,3,343,loyals
5,7446,16,16,716,4,4,3,443,loyals
18,6565,91,20,1782,1,4,4,144,loyals
23,4047,0,15,544,4,4,3,443,loyals
29,1966,96,16,1672,1,4,4,144,loyals
36,4339,37,17,913,3,4,3,343,loyals
49,6566,39,17,1319,3,4,4,344,loyals
55,6260,55,16,1957,2,4,4,244,loyals
56,10383,30,15,1093,3,4,4,344,loyals
61,3076,18,16,612,4,4,3,443,loyals
62,1012,26,18,884,3,4,3,343,loyals
63,6518,8,15,606,4,4,3,443,loyals
68,4477,4,15,653,4,4,3,443,loyals
72,6312,29,23,863,3,4,3,343,loyals
73,8132,88,17,661,1,4,3,143,loyals
79,1618,9,18,692,4,4,3,443,loyals
84,535,18,16,778,4,4,3,443,loyals
98,4646,44,17,978,3,4,3,343,loyals
102,4518,59,20,1169,2,4,4,244,loyals
107,2683,56,18,910,2,4,3,243,loyals
110,5077,46,17,969,3,4,3,343,loyals
112,3267,27,16,608,3,4,3,343,loyals
113,999,95,17,730,1,4,3,143,loyals
120,9805,65,16,660,2,4,3,243,loyals
124,7215,69,19,1135,2,4,4,244,loyals
129,11051,72,16,661,2,4,3,243,loyals
131,433,42,17,632,3,4,3,343,loyals
132,9597,10,16,725,4,4,3,443,loyals
140,821,46,17,2077,3,4,4,344,loyals
142,8690,73,15,1385,2,4,4,244,loyals
143,2937,47,17,871,3,4,3,343,loyals
154,7055,57,19,1021,2,4,3,243,loyals
175,8717,56,19,1835,2,4,4,244,loyals
179,6935,44,17,978,3,4,3,343,loyals
182,10562,21,19,1033,4,4,3,443,loyals
187,3934,34,15,608,3,4,3,343,loyals
191,5602,98,20,1282,1,4,4,144,loyals
196,6999,80,19,834,1,4,3,143,loyals
200,7300,50,15,535,2,4,3,243,loyals
202,8727,63,20,1150,2,4,4,244,loyals
203,2798,54,17,1240,2,4,4,244,loyals
213,2877,21,15,541,4,4,3,443,loyals
219,454,48,22,1135,3,4,4,344,loyals
222,4785,3,17,714,4,4,3,443,loyals
224,7079,38,21,1245,3,4,4,344,loyals
234,3233,89,18,1117,1,4,4,144,loyals
237,9449,32,16,605,3,4,3,343,loyals
240,313,98,16,2088,1,4,4,144,loyals
244,6439,37,19,1102,3,4,4,344,loyals
247,9265,74,15,1390,2,4,4,244,loyals
249,8932,57,15,1531,2,4,4,244,loyals
254,10992,77,15,1148,1,4,4,144,loyals
261,1184,46,20,845,3,4,3,343,loyals
275,2304,86,18,770,1,4,3,143,loyals
276,3445,56,17,957,2,4,3,243,loyals
279,4391,64,18,908,2,4,3,243,loyals
286,10983,17,19,930,4,4,3,443,loyals
287,8148,88,18,859,1,4,3,143,loyals
299,3924,34,20,916,3,4,3,343,loyals
301,5596,44,18,728,3,4,3,343,loyals
305,9274,44,15,1213,3,4,4,344,loyals
313,6320,42,16,1508,3,4,4,344,loyals
320,1802,23,15,680,4,4,3,443,loyals
323,9750,41,15,1307,3,4,4,344,loyals
324,2607,78,16,630,1,4,3,143,loyals
335,10151,38,16,946,3,4,3,343,loyals
340,10172,95,15,1538,1,4,4,144,loyals
342,9707,65,15,1182,2,4,4,244,loyals
350,2579,95,15,835,1,4,3,143,loyals
351,175,93,16,1443,1,4,4,144,loyals
354,9365,57,16,1277,2,4,4,244,loyals
361,9336,38,16,636,3,4,3,343,loyals
365,10704,65,15,693,2,4,3,243,loyals
366,5125,64,15,1348,2,4,4,244,loyals
373,1245,45,16,1371,3,4,4,344,loyals
387,6202,78,17,1005,1,4,3,143,loyals
394,7683,80,17,787,1,4,3,143,loyals
401,9999,2,18,1040,4,4,3,443,loyals
409,9973,28,15,490,3,4,3,343,loyals
418,4216,33,16,1474,3,4,4,344,loyals
419,8581,4,18,751,4,4,3,443,loyals
426,1340,42,19,1795,3,4,4,344,loyals
429,3767,1,17,1008,4,4,3,443,loyals
431,4324,42,15,684,3,4,3,343,loyals
432,238,76,18,1082,1,4,4,144,loyals
433,6694,27,21,1068,3,4,4,344,loyals
436,9699,12,18,733,4,4,3,443,loyals
450,2276,71,15,868,2,4,3,243,loyals
451,2807,24,15,1001,4,4,3,443,loyals
454,6233,21,19,971,4,4,3,443,loyals
456,4947,44,16,2059,3,4,4,344,loyals
468,9697,86,15,542,1,4,3,143,loyals
469,3916,92,19,890,1,4,3,143,loyals
470,2021,47,19,1388,3,4,4,344,loyals
472,564,81,17,906,1,4,3,143,loyals
475,178,40,19,973,3,4,3,343,loyals
477,5512,19,15,518,4,4,3,443,loyals
485,2426,35,18,895,3,4,3,343,loyals
487,5562,92,17,735,1,4,3,143,loyals
492,10965,72,16,1722,2,4,4,244,loyals
494,6605,85,15,682,1,4,3,143,loyals
495,3136,88,16,663,1,4,3,143,loyals
498,716,63,17,976,2,4,3,243,loyals
499,466,9,17,746,4,4,3,443,loyals
503,5140,66,16,1445,2,4,4,244,loyals
505,4945,29,22,1210,3,4,4,344,loyals
509,8939,49,17,730,3,4,3,343,loyals
511,4320,6,18,943,4,4,3,443,loyals
554,9504,4,16,1008,4,4,3,443,loyals
556,448,57,17,795,2,4,3,243,loyals
562,9780,12,21,795,4,4,3,443,loyals
563,10681,13,18,889,4,4,3,443,loyals
601,2453,83,17,819,1,4,3,143,loyals
603,895,69,15,594,2,4,3,243,loyals
614,10299,73,19,882,2,4,3,243,loyals
626,10156,56,15,1237,2,4,4,244,loyals
627,4299,28,16,1825,3,4,4,344,loyals
630,10727,43,20,1586,3,4,4,344,loyals
632,5156,13,18,889,4,4,3,443,loyals
636,6945,72,20,1375,2,4,4,244,loyals
638,1907,53,17,1477,2,4,4,244,loyals
640,3856,78,17,1005,1,4,3,143,loyals
642,2131,37,15,1307,3,4,4,344,loyals
646,4611,36,22,1724,3,4,4,344,loyals
648,4679,42,19,1092,3,4,4,344,loyals
652,6661,63,21,1174,2,4,4,244,loyals
658,3867,36,22,1095,3,4,4,344,loyals
660,55,83,16,597,1,4,3,143,loyals
662,5084,87,19,1064,1,4,4,144,loyals
670,9153,81,17,1048,1,4,3,143,loyals
679,9596,19,16,664,4,4,3,443,loyals
681,4910,81,24,2074,1,4,4,144,loyals
685,10142,99,16,689,1,4,3,143,loyals
686,9826,96,15,2114,1,4,4,144,loyals
688,10767,40,15,1346,3,4,4,344,loyals
699,1277,29,20,1004,3,4,3,343,loyals
701,10196,26,16,614,3,4,3,343,loyals
702,6384,30,16,1453,3,4,4,344,loyals
705,6988,93,16,1443,1,4,4,144,loyals
707,6991,88,15,637,1,4,3,143,loyals
711,1272,49,17,903,3,4,3,343,loyals
718,10159,77,20,1185,1,4,4,144,loyals
721,4990,90,19,869,1,4,3,143,loyals
726,6086,62,18,1380,2,4,4,244,loyals
729,11101,17,19,836,4,4,3,443,loyals
735,7875,46,17,1677,3,4,4,344,loyals
745,3560,57,15,1574,2,4,4,244,loyals
747,10548,30,15,960,3,4,3,343,loyals
752,7094,87,19,1064,1,4,4,144,loyals
755,3870,28,20,1006,3,4,3,343,loyals
761,6887,33,16,564,3,4,3,343,loyals
770,10582,3,17,758,4,4,3,443,loyals
788,10846,22,15,629,4,4,3,443,loyals
796,6722,98,17,767,1,4,3,143,loyals
798,3749,54,18,1580,2,4,4,244,loyals
814,6303,72,17,1497,2,4,4,244,loyals
818,3900,54,18,769,2,4,3,243,loyals
825,5989,51,21,1576,2,4,4,244,loyals
835,9904,50,18,1043,2,4,3,243,loyals
837,5687,98,19,1633,1,4,4,144,loyals
847,5935,60,15,764,2,4,3,243,loyals
851,9477,0,15,544,4,4,3,443,loyals
852,4856,38,17,1853,3,4,4,344,loyals
855,1456,25,22,1180,3,4,4,344,loyals
857,425,66,17,727,2,4,3,243,loyals
874,7631,34,15,989,3,4,3,343,loyals
884,5830,96,15,2114,1,4,4,144,loyals
885,4597,67,16,2018,2,4,4,244,loyals
897,5046,97,17,1638,1,4,4,144,loyals
919,4637,73,15,1650,2,4,4,244,loyals
924,8931,82,21,1761,1,4,4,144,loyals
930,5303,42,15,1113,3,4,4,344,loyals
932,7922,29,21,966,3,4,3,343,loyals
937,1204,45,22,1829,3,4,4,344,loyals
938,3673,59,18,779,2,4,3,243,loyals
939,760,8,17,811,4,4,3,443,loyals
960,4640,65,17,1079,2,4,4,244,loyals
965,7801,87,16,728,1,4,3,143,loyals
966,10489,35,15,1778,3,4,4,344,loyals
969,3933,46,16,662,3,4,3,343,loyals
974,9209,85,17,1564,1,4,4,144,loyals
975,10286,2,15,926,4,4,3,443,loyals
979,5407,70,17,1085,2,4,4,244,loyals
983,3056,63,20,1150,2,4,4,244,loyals
987,4580,46,18,2486,3,4,4,344,loyals
988,9305,65,17,1315,2,4,4,244,loyals
992,7378,34,16,573,3,4,3,343,loyals
993,7646,70,17,805,2,4,3,243,loyals
996,8492,25,18,1493,3,4,4,344,loyals
1000,10473,38,15,528,3,4,3,343,loyals
1006,8952,96,16,859,1,4,3,143,loyals
1007,241,57,15,1574,2,4,4,244,loyals
1010,5236,30,18,2194,3,4,4,344,loyals
1022,6059,81,15,1314,1,4,4,144,loyals
1029,8985,54,20,1211,2,4,4,244,loyals
1049,966,98,17,691,1,4,3,143,loyals
1052,4475,82,16,2440,1,4,4,144,loyals
1055,7290,68,15,968,2,4,3,243,loyals
1061,3759,34,18,1155,3,4,4,344,loyals
1062,1162,23,16,653,4,4,3,443,loyals
1067,2223,52,16,1826,2,4,4,244,loyals
1069,2875,93,16,906,1,4,3,143,loyals
1072,3807,83,18,766,1,4,3,143,loyals
1076,4207,27,17,1298,3,4,4,344,loyals
1085,6295,46,16,981,3,4,3,343,loyals
1099,6001,62,15,937,2,4,3,243,loyals
1105,146,78,15,1323,1,4,4,144,loyals
1108,4741,17,15,562,4,4,3,443,loyals
1119,2320,98,17,635,1,4,3,143,loyals
1120,850,4,15,757,4,4,3,443,loyals
1129,4756,42,18,1168,3,4,4,344,loyals
1133,2975,89,15,1956,1,4,4,144,loyals
1134,2894,74,15,2013,2,4,4,244,loyals
1140,849,65,16,660,2,4,3,243,loyals
1144,819,84,19,1103,1,4,4,144,loyals
1147,5430,0,17,684,4,4,3,443,loyals
1150,1453,59,22,1060,2,4,4,244,loyals
1151,8310,96,17,1459,1,4,4,144,loyals
1159,640,61,17,1026,2,4,3,243,loyals
1161,8432,0,17,684,4,4,3,443,loyals
1162,6218,74,15,499,2,4,3,243,loyals
1163,6905,55,16,1004,2,4,3,243,loyals
1165,3598,53,16,606,2,4,3,243,loyals
1187,9855,25,19,1020,3,4,3,343,loyals
1191,8732,81,17,1461,1,4,4,144,loyals
1195,6283,64,18,908,2,4,3,243,loyals
1201,9500,66,17,758,2,4,3,243,loyals
1205,1118,87,15,685,1,4,3,143,loyals
1206,7789,96,16,1672,1,4,4,144,loyals
1226,4058,76,19,811,1,4,3,143,loyals
1235,843,47,19,805,3,4,3,343,loyals
1237,9757,98,17,1631,1,4,4,144,loyals
1249,10833,55,21,973,2,4,3,243,loyals
1251,8534,51,19,992,2,4,3,243,loyals
1252,5153,97,22,1529,1,4,4,144,loyals
1257,810,49,15,641,3,4,3,343,loyals
1259,2147,91,15,2279,1,4,4,144,loyals
1262,6049,85,18,1804,1,4,4,144,loyals
1266,5207,41,15,793,3,4,3,343,loyals
1271,7488,30,18,825,3,4,3,343,loyals
1273,635,51,16,610,2,4,3,243,loyals
1278,2931,95,15,1192,1,4,4,144,loyals
1281,9516,90,19,1229,1,4,4,144,loyals
1288,9010,80,15,2346,1,4,4,144,loyals
1289,378,68,17,794,2,4,3,243,loyals
1297,5543,49,18,802,3,4,3,343,loyals
1305,5841,61,18,832,2,4,3,243,loyals
1307,4394,43,17,1501,3,4,4,344,loyals
1309,6658,37,23,1194,3,4,4,344,loyals
1310,4603,50,15,656,2,4,3,243,loyals
1311,8427,78,17,1540,1,4,4,144,loyals
1322,9206,36,17,1121,3,4,4,344,loyals
1333,5147,57,17,1424,2,4,4,244,loyals
1348,7793,12,17,800,4,4,3,443,loyals
1355,3834,35,19,861,3,4,3,343,loyals
1357,7712,68,16,634,2,4,3,243,loyals
1363,6181,36,19,939,3,4,3,343,loyals
1374,4743,72,19,971,2,4,3,243,loyals
1395,4405,2,18,789,4,4,3,443,loyals
1398,3421,64,18,908,2,4,3,243,loyals
1401,9958,54,18,769,2,4,3,243,loyals
1404,6613,39,16,727,3,4,3,343,loyals
1407,8402,40,15,794,3,4,3,343,loyals
1410,618,17,19,797,4,4,3,443,loyals
1422,2561,45,16,1371,3,4,4,344,loyals
1432,9349,84,17,1131,1,4,4,144,loyals
1444,1553,71,17,2283,2,4,4,244,loyals
1447,5221,93,15,879,1,4,3,143,loyals
1466,4690,45,16,586,3,4,3,343,loyals
1467,7521,57,15,1574,2,4,4,244,loyals
1469,4406,29,17,1471,3,4,4,344,loyals
1476,217,78,17,1540,1,4,4,144,loyals
1479,9559,79,20,1034,1,4,3,143,loyals
1480,2849,25,22,1180,3,4,4,344,loyals
1481,7787,83,17,819,1,4,3,143,loyals
1485,9988,84,19,860,1,4,3,143,loyals
1488,9743,85,19,1910,1,4,4,144,loyals
1490,3478,17,16,736,4,4,3,443,loyals
1492,1763,62,17,2524,2,4,4,244,loyals
1493,7250,48,16,612,3,4,3,343,loyals
1495,10770,73,17,1045,2,4,3,243,loyals
1499,6318,48,22,1366,3,4,4,344,loyals
1503,3594,74,17,747,2,4,3,243,loyals
1506,851,48,15,642,3,4,3,343,loyals
1507,7706,88,16,1048,1,4,3,143,loyals
1508,3967,19,15,943,4,4,3,443,loyals
1509,10128,21,17,907,4,4,3,443,loyals
1512,9451,92,19,1658,1,4,4,144,loyals
1516,1490,84,18,854,1,4,3,143,loyals
1520,4278,73,16,1923,2,4,4,244,loyals
1525,2408,20,16,733,4,4,3,443,loyals
1530,6050,33,19,1513,3,4,4,344,loyals
1532,3463,41,20,904,3,4,3,343,loyals
1541,3852,48,21,964,3,4,3,343,loyals
1542,528,99,15,1383,1,4,4,144,loyals
1544,5589,95,19,793,1,4,3,143,loyals
1548,591,76,15,677,1,4,3,143,loyals
1554,5462,63,21,1174,2,4,4,244,loyals
1559,2793,10,20,1034,4,4,3,443,loyals
1566,7476,93,15,1269,1,4,4,144,loyals
1567,4390,14,17,841,4,4,3,443,loyals
1568,10478,53,17,633,2,4,3,243,loyals
1584,4608,18,16,778,4,4,3,443,loyals
1589,2612,33,19,1682,3,4,4,344,loyals
1601,5453,26,16,2352,3,4,4,344,loyals
1606,8969,59,16,1141,2,4,4,244,loyals
1610,6729,95,15,1538,1,4,4,144,loyals
1615,10099,21,18,882,4,4,3,443,loyals
1619,3298,92,18,1152,1,4,4,144,loyals
1630,3859,36,22,1095,3,4,4,344,loyals
1635,3427,11,18,734,4,4,3,443,loyals
1636,5209,21,15,638,4,4,3,443,loyals
1637,10711,23,15,894,4,4,3,443,loyals
1642,6575,51,16,612,2,4,3,243,loyals
1644,3091,27,15,823,3,4,3,343,loyals
1647,7005,71,17,813,2,4,3,243,loyals
1651,8395,48,15,1511,3,4,4,344,loyals
1657,2295,57,18,825,2,4,3,243,loyals
1662,6457,77,18,902,1,4,3,143,loyals
1666,6912,60,18,772,2,4,3,243,loyals
1668,5299,43,20,1586,3,4,4,344,loyals
1669,4127,97,22,1529,1,4,4,144,loyals
1674,3389,61,21,1533,2,4,4,244,loyals
1687,2570,35,17,815,3,4,3,343,loyals
1688,9256,5,20,1001,4,4,3,443,loyals
1690,7397,45,16,688,3,4,3,343,loyals
1695,550,87,16,708,1,4,3,143,loyals
1699,4676,86,17,1695,1,4,4,144,loyals
1700,8852,80,19,1080,1,4,4,144,loyals
1703,1958,85,17,660,1,4,3,143,loyals
1706,1351,25,20,1220,3,4,4,344,loyals
1708,7732,81,17,745,1,4,3,143,loyals
1711,7832,30,15,1526,3,4,4,344,loyals
1713,7396,92,17,1597,1,4,4,144,loyals
1719,3498,6,16,877,4,4,3,443,loyals
1721,1172,71,19,2034,2,4,4,244,loyals
1723,4686,28,19,1686,3,4,4,344,loyals
1728,1000,48,21,964,3,4,3,343,loyals
1729,3828,61,20,1327,2,4,4,244,loyals
1733,10129,35,15,1456,3,4,4,344,loyals
1734,2499,38,15,563,3,4,3,343,loyals
1736,7500,33,16,564,3,4,3,343,loyals
1737,5796,70,17,1125,2,4,4,244,loyals
1744,9710,80,18,792,1,4,3,143,loyals
1747,7881,21,19,1033,4,4,3,443,loyals
1748,5847,95,17,882,1,4,3,143,loyals
1760,2118,68,15,622,2,4,3,243,loyals
1763,2797,34,18,1073,3,4,4,344,loyals
1765,9167,72,21,976,2,4,3,243,loyals
1772,8895,68,15,968,2,4,3,243,loyals
1779,2681,1,15,461,4,4,3,443,loyals
1782,9645,98,19,1338,1,4,4,144,loyals
1783,10678,91,21,917,1,4,3,143,loyals
1789,6173,46,17,969,3,4,3,343,loyals
1792,7960,89,16,1382,1,4,4,144,loyals
1799,762,27,15,823,3,4,3,343,loyals
1800,2831,99,17,1179,1,4,4,144,loyals
1801,6977,87,23,1921,1,4,4,144,loyals
1805,9284,21,17,907,4,4,3,443,loyals
1806,6237,92,24,416,1,4,3,143,loyals
1816,5782,15,18,763,4,4,3,443,loyals
1823,9166,57,16,882,2,4,3,243,loyals
1824,1440,84,18,1149,1,4,4,144,loyals
1832,7129,72,19,929,2,4,3,243,loyals
1839,531,55,17,1662,2,4,4,244,loyals
1850,4427,56,17,1365,2,4,4,244,loyals
1854,10163,28,15,1323,3,4,4,344,loyals
1855,2886,70,20,1217,2,4,4,244,loyals
1859,521,42,15,581,3,4,3,343,loyals
1865,3678,13,15,656,4,4,3,443,loyals
1871,8602,97,18,1049,1,4,4,144,loyals
1873,6715,3,17,685,4,4,3,443,loyals
1876,3766,15,17,835,4,4,3,443,loyals
1878,1570,8,17,1039,4,4,3,443,loyals
1879,3426,89,18,1596,1,4,4,144,loyals
1883,6461,74,16,946,2,4,3,243,loyals
1888,10858,38,16,820,3,4,3,343,loyals
1893,6892,23,16,732,4,4,3,443,loyals
1898,4619,9,27,277,4,4,2,442,loyals
1910,5832,32,16,1263,3,4,4,344,loyals
1912,6417,85,17,1564,1,4,4,144,loyals
1921,3283,57,18,909,2,4,3,243,loyals
1923,4994,53,20,1735,2,4,4,244,loyals
1924,7966,48,22,1191,3,4,4,344,loyals
1926,10872,65,15,1182,2,4,4,244,loyals
1928,1867,42,15,1336,3,4,4,344,loyals
1929,1518,29,16,749,3,4,3,343,loyals
1934,6200,50,15,901,2,4,3,243,loyals
1937,6250,62,19,775,2,4,3,243,loyals
1943,10413,67,16,1089,2,4,4,244,loyals
1958,2109,60,16,1544,2,4,4,244,loyals
1960,8925,38,18,1012,3,4,3,343,loyals
1965,6203,58,18,1734,2,4,4,244,loyals
1966,7165,59,18,823,2,4,3,243,loyals
1967,3595,29,18,1138,3,4,4,344,loyals
1975,10311,0,25,359,4,4,2,442,loyals
1992,6248,47,20,2217,3,4,4,344,loyals
1995,6815,4,15,809,4,4,3,443,loyals
2006,3599,61,16,1464,2,4,4,244,loyals
2009,832,90,18,747,1,4,3,143,loyals
2012,500,79,16,1941,1,4,4,144,loyals
2013,1951,92,19,839,1,4,3,143,loyals
2014,3262,31,15,1655,3,4,4,344,loyals
2024,4837,57,21,1305,2,4,4,244,loyals
2028,9323,5,17,874,4,4,3,443,loyals
2030,3945,80,15,930,1,4,3,143,loyals
2031,3799,4,18,868,4,4,3,443,loyals
2033,3491,32,19,1260,3,4,4,344,loyals
2036,4786,94,22,1109,1,4,4,144,loyals
2039,5628,25,20,1665,3,4,4,344,loyals
2047,10701,60,19,1211,2,4,4,244,loyals
2057,1071,10,20,1034,4,4,3,443,loyals
2058,10061,29,21,1088,3,4,4,344,loyals
2064,10897,63,21,1174,2,4,4,244,loyals
2071,2712,85,16,715,1,4,3,143,loyals
2073,10643,23,16,653,4,4,3,443,loyals
2083,5396,48,22,1366,3,4,4,344,loyals
2085,1052,24,15,1001,4,4,3,443,loyals
2094,1146,5,17,874,4,4,3,443,loyals
2101,6544,63,17,976,2,4,3,243,loyals
2107,340,1,15,497,4,4,3,443,loyals
2109,3104,89,17,2006,1,4,4,144,loyals
2110,9729,48,15,615,3,4,3,343,loyals
2111,1008,31,20,1021,3,4,3,343,loyals
2115,9907,80,16,1013,1,4,3,143,loyals
2117,8659,50,17,1038,2,4,3,243,loyals
2123,4915,86,17,732,1,4,3,143,loyals
2125,2088,98,17,1631,1,4,4,144,loyals
2126,2493,34,15,608,3,4,3,343,loyals
2144,5136,58,17,798,2,4,3,243,loyals
2158,5186,59,16,731,2,4,3,243,loyals
2163,7313,63,17,1565,2,4,4,244,loyals
2170,9362,14,16,568,4,4,3,443,loyals
2171,3968,77,23,1199,1,4,4,144,loyals
2172,4084,41,17,873,3,4,3,343,loyals
2174,2829,25,17,731,3,4,3,343,loyals
2181,8858,69,15,542,2,4,3,243,loyals
2185,9723,8,20,1016,4,4,3,443,loyals
2186,2666,21,19,907,4,4,3,443,loyals
2190,4418,36,19,1644,3,4,4,344,loyals
2193,8722,38,17,1853,3,4,4,344,loyals
2194,7118,61,15,1528,2,4,4,244,loyals
2203,2736,88,16,849,1,4,3,143,loyals
2210,607,31,15,521,3,4,3,343,loyals
2211,10469,42,15,1623,3,4,4,344,loyals
2226,4478,87,17,653,1,4,3,143,loyals
2231,9817,71,21,1049,2,4,4,244,loyals
2237,7270,91,15,1241,1,4,4,144,loyals
2238,8235,8,16,843,4,4,3,443,loyals
38,8595,99,4,67,1,1,1,111,lost
41,503,88,5,53,1,1,1,111,lost
47,7286,92,4,55,1,1,1,111,lost
65,8082,75,3,34,1,1,1,111,lost
85,5268,95,5,56,1,1,1,111,lost
105,8373,94,4,29,1,1,1,111,lost
123,7386,83,4,43,1,1,1,111,lost
171,6460,78,5,57,1,1,1,111,lost
177,10854,90,5,45,1,1,1,111,lost
178,10492,96,3,10,1,1,1,111,lost
181,3559,77,5,57,1,1,1,111,lost
184,2563,80,5,43,1,1,1,111,lost
206,5176,88,4,53,1,1,1,111,lost
208,868,99,5,65,1,1,1,111,lost
242,10735,75,4,26,1,1,1,111,lost
315,231,86,5,32,1,1,1,111,lost
321,520,81,3,30,1,1,1,111,lost
330,2861,79,3,23,1,1,1,111,lost
349,11030,90,3,16,1,1,1,111,lost
367,4432,82,5,51,1,1,1,111,lost
379,1517,92,4,51,1,1,1,111,lost
400,2488,80,5,64,1,1,1,111,lost
422,6528,75,3,10,1,1,1,111,lost
439,456,96,5,36,1,1,1,111,lost
444,2106,99,4,34,1,1,1,111,lost
473,6619,91,4,44,1,1,1,111,lost
500,9135,92,3,64,1,1,1,111,lost
517,10203,77,4,42,1,1,1,111,lost
525,2258,76,4,42,1,1,1,111,lost
550,4279,87,4,54,1,1,1,111,lost
589,4179,94,4,55,1,1,1,111,lost
596,5252,80,5,67,1,1,1,111,lost
606,7232,99,4,67,1,1,1,111,lost
616,8953,94,4,35,1,1,1,111,lost
625,3641,93,5,36,1,1,1,111,lost
655,5555,81,0,6,1,1,1,111,lost
664,8162,88,4,26,1,1,1,111,lost
665,10826,77,3,60,1,1,1,111,lost
725,7212,99,5,65,1,1,1,111,lost
742,5237,79,5,63,1,1,1,111,lost
775,6825,86,3,16,1,1,1,111,lost
778,2461,79,4,43,1,1,1,111,lost
806,7326,83,4,63,1,1,1,111,lost
816,2986,89,3,20,1,1,1,111,lost
827,6768,75,4,36,1,1,1,111,lost
834,10402,94,4,39,1,1,1,111,lost
862,9553,94,3,15,1,1,1,111,lost
867,4259,80,3,10,1,1,1,111,lost
882,8916,78,3,16,1,1,1,111,lost
883,8017,83,5,55,1,1,1,111,lost
908,6534,94,5,67,1,1,1,111,lost
933,5692,82,4,32,1,1,1,111,lost
944,8700,86,5,66,1,1,1,111,lost
948,6515,92,5,50,1,1,1,111,lost
950,7574,80,5,41,1,1,1,111,lost
954,8146,84,3,54,1,1,1,111,lost
982,6634,78,5,54,1,1,1,111,lost
1021,2445,87,5,63,1,1,1,111,lost
1024,4240,79,4,58,1,1,1,111,lost
1033,5263,99,4,55,1,1,1,111,lost
1041,6730,92,5,54,1,1,1,111,lost
1068,4817,91,3,18,1,1,1,111,lost
1073,9197,92,5,47,1,1,1,111,lost
1083,9523,95,3,15,1,1,1,111,lost
1088,5577,77,3,23,1,1,1,111,lost
1112,10022,78,3,16,1,1,1,111,lost
1131,606,87,3,15,1,1,1,111,lost
1142,4066,76,4,46,1,1,1,111,lost
1155,213,98,5,48,1,1,1,111,lost
1170,193,81,3,16,1,1,1,111,lost
1171,3363,99,4,34,1,1,1,111,lost
1185,2292,94,4,24,1,1,1,111,lost
1186,10466,86,5,60,1,1,1,111,lost
1231,7325,86,4,40,1,1,1,111,lost
1247,803,82,2,21,1,1,1,111,lost
1291,5068,75,4,26,1,1,1,111,lost
1293,7128,91,3,15,1,1,1,111,lost
1296,1663,97,4,49,1,1,1,111,lost
1302,1878,83,5,37,1,1,1,111,lost
1367,3231,97,4,30,1,1,1,111,lost
1372,10258,94,4,35,1,1,1,111,lost
1396,8663,85,3,15,1,1,1,111,lost
1412,361,84,3,20,1,1,1,111,lost
1423,5229,81,4,42,1,1,1,111,lost
1424,4086,77,3,60,1,1,1,111,lost
1433,274,75,5,34,1,1,1,111,lost
1435,922,79,3,48,1,1,1,111,lost
1453,5975,82,5,57,1,1,1,111,lost
1470,9672,82,4,65,1,1,1,111,lost
1536,451,91,3,22,1,1,1,111,lost
1543,73,81,3,18,1,1,1,111,lost
1555,7791,89,4,25,1,1,1,111,lost
1557,4037,77,3,20,1,1,1,111,lost
1571,9916,92,5,54,1,1,1,111,lost
1583,5223,80,5,66,1,1,1,111,lost
1604,11092,78,5,41,1,1,1,111,lost
1643,3829,94,4,29,1,1,1,111,lost
1650,8079,86,5,55,1,1,1,111,lost
1655,1834,77,5,67,1,1,1,111,lost
1685,7947,99,4,37,1,1,1,111,lost
1693,10398,82,3,31,1,1,1,111,lost
1696,1890,95,3,25,1,1,1,111,lost
1712,2202,98,5,69,1,1,1,111,lost
1720,6742,82,3,11,1,1,1,111,lost
1731,10304,77,3,60,1,1,1,111,lost
1732,4351,90,3,55,1,1,1,111,lost
1764,4328,81,5,55,1,1,1,111,lost
1768,8312,80,5,43,1,1,1,111,lost
1804,8397,82,3,34,1,1,1,111,lost
1815,2549,80,4,27,1,1,1,111,lost
1842,7419,90,5,35,1,1,1,111,lost
1851,11148,85,3,13,1,1,1,111,lost
1866,4227,78,5,55,1,1,1,111,lost
1872,3722,83,5,48,1,1,1,111,lost
1909,5623,95,3,51,1,1,1,111,lost
1994,4547,86,4,25,1,1,1,111,lost
2005,7181,97,5,52,1,1,1,111,lost
2017,10598,89,5,37,1,1,1,111,lost
2019,2375,75,3,22,1,1,1,111,lost
2043,5454,80,5,50,1,1,1,111,lost
2054,6382,97,4,54,1,1,1,111,lost
2063,322,93,5,41,1,1,1,111,lost
2069,1655,81,4,48,1,1,1,111,lost
2095,11031,90,4,40,1,1,1,111,lost
2121,10067,79,3,13,1,1,1,111,lost
2130,3006,83,4,43,1,1,1,111,lost
2132,11181,85,0,8,1,1,1,111,lost
2207,4333,76,5,54,1,1,1,111,lost
2215,692,88,3,16,1,1,1,111,lost
2234,8372,81,3,30,1,1,1,111,lost
0,5524,58,12,1617,2,3,4,234,big_spenders
12,2125,82,11,1102,1,3,4,134,big_spenders
21,5376,42,0,1730,3,1,4,314,big_spenders
34,8755,4,12,1196,4,3,4,434,big_spenders
40,8601,3,13,1395,4,3,4,434,big_spenders
53,2225,54,11,1617,2,3,4,234,big_spenders
60,6853,12,14,1438,4,3,4,434,big_spenders
64,4137,29,11,1076,3,3,4,334,big_spenders
69,1357,90,7,1562,1,2,4,124,big_spenders
70,1402,1,10,1253,4,2,4,424,big_spenders
76,1859,34,12,1890,3,3,4,334,big_spenders
77,7503,40,14,2209,3,3,4,334,big_spenders
88,8504,70,12,1366,2,3,4,234,big_spenders
103,9370,68,12,1120,2,3,4,234,big_spenders
104,8908,35,8,1097,3,2,4,324,big_spenders
111,7431,40,12,1820,3,3,4,334,big_spenders
116,1592,25,9,1724,3,2,4,324,big_spenders
126,11071,37,9,1923,3,2,4,324,big_spenders
141,11084,4,10,1053,4,2,4,424,big_spenders
159,2730,64,13,1231,2,3,4,234,big_spenders
164,8475,98,0,1608,1,1,4,114,big_spenders
168,6637,46,10,1117,3,2,4,324,big_spenders
176,10314,79,14,1318,1,3,4,134,big_spenders
188,6982,14,13,1581,4,3,4,434,big_spenders
197,9938,82,10,1600,1,2,4,124,big_spenders
198,6422,20,10,1270,4,2,4,424,big_spenders
201,10424,60,13,1295,2,3,4,234,big_spenders
211,6521,18,13,1101,4,3,4,434,big_spenders
214,0,66,12,1198,2,3,4,234,big_spenders
217,6274,81,14,1615,1,3,4,134,big_spenders
227,709,27,13,1103,3,3,4,334,big_spenders
228,460,72,11,1753,2,3,4,234,big_spenders
231,5341,2,10,1588,4,2,4,424,big_spenders
243,9529,8,12,1627,4,3,4,434,big_spenders
246,2176,40,11,1690,3,3,4,334,big_spenders
248,8867,90,9,2126,1,2,4,124,big_spenders
256,309,48,13,1101,3,3,4,334,big_spenders
266,1225,47,11,1495,3,3,4,334,big_spenders
270,2379,31,8,1635,3,2,4,324,big_spenders
288,10102,19,10,1478,4,2,4,424,big_spenders
292,4543,32,11,1919,3,3,4,334,big_spenders
295,2926,62,14,1374,2,3,4,234,big_spenders
307,6963,85,12,1157,1,3,4,134,big_spenders
325,7214,49,9,1283,3,2,4,324,big_spenders
332,10675,82,14,1161,1,3,4,134,big_spenders
347,1826,0,10,1190,4,2,4,424,big_spenders
353,11056,18,13,1188,4,3,4,434,big_spenders
357,6184,6,11,1670,4,3,4,434,big_spenders
360,7274,87,14,2153,1,3,4,134,big_spenders
368,5955,27,12,1932,3,3,4,334,big_spenders
378,1729,14,13,1377,4,3,4,434,big_spenders
389,9799,57,14,1173,2,3,4,234,big_spenders
390,8318,7,13,1738,4,3,4,434,big_spenders
392,2669,66,11,1127,2,3,4,234,big_spenders
395,3428,56,14,1598,2,3,4,234,big_spenders
414,3523,83,13,1073,1,3,4,134,big_spenders
415,7106,73,13,1242,2,3,4,234,big_spenders
417,5067,11,13,1378,4,3,4,434,big_spenders
423,1361,26,11,1435,3,3,4,334,big_spenders
424,6932,77,12,2119,1,3,4,134,big_spenders
427,8746,28,12,1188,3,3,4,334,big_spenders
430,3725,1,11,1688,4,3,4,434,big_spenders
447,1137,87,11,1379,1,3,4,134,big_spenders
459,10648,78,11,1289,1,3,4,134,big_spenders
463,7059,47,11,1495,3,3,4,334,big_spenders
465,2416,83,11,1288,1,3,4,134,big_spenders
466,7999,17,10,1743,4,2,4,424,big_spenders
486,5172,4,10,1053,4,2,4,424,big_spenders
490,3403,11,14,2092,4,3,4,434,big_spenders
497,11088,83,8,1816,1,2,4,124,big_spenders
507,6071,77,14,1157,1,3,4,134,big_spenders
513,6036,78,12,1924,1,3,4,134,big_spenders
515,203,47,14,2089,3,3,4,334,big_spenders
521,2532,95,8,1651,1,2,4,124,big_spenders
523,4943,73,11,1727,2,3,4,234,big_spenders
526,4322,20,14,1291,4,3,4,434,big_spenders
528,4702,20,8,1895,4,2,4,424,big_spenders
531,2004,65,9,1168,2,2,4,224,big_spenders
537,6931,19,12,1062,4,3,4,434,big_spenders
543,5547,9,13,1919,4,3,4,434,big_spenders
546,10955,68,7,1600,2,2,4,224,big_spenders
557,8314,30,12,1772,3,3,4,334,big_spenders
559,3174,61,9,1957,2,2,4,224,big_spenders
561,3179,75,13,1572,1,3,4,134,big_spenders
566,9120,80,13,1065,1,3,4,134,big_spenders
575,2574,27,14,1230,3,3,4,334,big_spenders
586,9058,65,10,1867,2,2,4,224,big_spenders
591,7627,25,10,2086,3,2,4,324,big_spenders
592,4501,94,12,1478,1,3,4,134,big_spenders
602,7972,79,12,1151,1,3,4,134,big_spenders
609,988,84,13,1193,1,3,4,134,big_spenders
634,8923,12,13,1587,4,3,4,434,big_spenders
639,701,58,14,1179,2,3,4,234,big_spenders
641,4149,57,11,1348,2,3,4,234,big_spenders
644,1173,73,10,2252,2,2,4,224,big_spenders
650,4248,23,13,2008,4,3,4,434,big_spenders
684,6327,87,8,1146,1,2,4,124,big_spenders
687,1501,21,1,1717,4,1,4,414,big_spenders
703,8029,27,10,1621,3,2,4,324,big_spenders
715,10479,64,8,1511,2,2,4,224,big_spenders
716,3619,19,13,1152,4,3,4,434,big_spenders
723,10936,79,9,1947,1,2,4,124,big_spenders
734,10430,22,8,1472,4,2,4,424,big_spenders
736,7072,69,12,1335,2,3,4,234,big_spenders
739,5564,26,13,1338,3,3,4,334,big_spenders
750,6974,89,11,1497,1,3,4,134,big_spenders
754,7723,56,14,1440,2,3,4,234,big_spenders
756,4012,55,12,1226,2,3,4,234,big_spenders
757,5909,25,11,1171,3,3,4,334,big_spenders
766,5331,8,10,1869,4,2,4,424,big_spenders
771,1915,57,14,1507,2,3,4,234,big_spenders
777,4964,90,6,1158,1,2,4,124,big_spenders
779,10736,28,11,1525,3,3,4,334,big_spenders
780,3194,86,14,1230,1,3,4,134,big_spenders
790,6543,45,7,1612,3,2,4,324,big_spenders
804,3483,76,14,1526,1,3,4,134,big_spenders
809,9145,43,11,1478,3,3,4,334,big_spenders
820,9493,15,13,1808,4,3,4,434,big_spenders
824,5536,61,9,1957,2,2,4,224,big_spenders
826,9499,97,10,1616,1,2,4,124,big_spenders
828,2150,83,12,1482,1,3,4,134,big_spenders
844,5332,2,10,1066,4,2,4,424,big_spenders
845,5848,43,12,2009,3,3,4,334,big_spenders
846,10343,27,11,1345,3,3,4,334,big_spenders
870,10140,27,9,1727,3,2,4,324,big_spenders
875,4789,95,9,1677,1,2,4,124,big_spenders
889,2930,7,12,1281,4,3,4,434,big_spenders
895,9224,81,13,1139,1,3,4,134,big_spenders
905,11074,94,13,1423,1,3,4,134,big_spenders
906,10150,10,14,1449,4,3,4,434,big_spenders
910,7053,75,11,1453,1,3,4,134,big_spenders
911,4654,40,8,1253,3,2,4,324,big_spenders
914,10619,29,14,1990,3,3,4,334,big_spenders
917,8362,9,13,1919,4,3,4,434,big_spenders
921,4483,67,8,1228,2,2,4,224,big_spenders
926,2008,93,13,1149,1,3,4,134,big_spenders
927,3139,53,14,2052,2,3,4,234,big_spenders
928,10037,66,11,1127,2,3,4,234,big_spenders
929,10673,6,11,1416,4,3,4,434,big_spenders
940,8957,51,11,1120,2,3,4,234,big_spenders
942,6810,76,9,1187,1,2,4,124,big_spenders
943,5386,62,10,2302,2,2,4,224,big_spenders
945,3202,60,14,1250,2,3,4,234,big_spenders
970,10981,27,13,1198,3,3,4,334,big_spenders
976,2611,66,14,1910,2,3,4,234,big_spenders
984,5718,17,11,1415,4,3,4,434,big_spenders
986,8164,13,12,1908,4,3,4,434,big_spenders
990,8545,6,12,1789,4,3,4,434,big_spenders
1001,7962,1,8,1901,4,2,4,424,big_spenders
1016,7010,41,13,1363,3,3,4,334,big_spenders
1030,5204,21,13,1461,4,3,4,434,big_spenders
1031,9220,58,13,1968,2,3,4,234,big_spenders
1032,9888,3,11,1091,4,3,4,434,big_spenders
1034,1020,70,12,1366,2,3,4,234,big_spenders
1050,4767,41,13,1363,3,3,4,334,big_spenders
1058,4507,87,14,1250,1,3,4,134,big_spenders
1060,4491,3,13,1178,4,3,4,434,big_spenders
1066,3005,7,12,1650,4,3,4,434,big_spenders
1071,11112,23,13,1477,4,3,4,434,big_spenders
1075,6421,32,13,2116,3,3,4,334,big_spenders
1082,8707,12,9,1401,4,2,4,424,big_spenders
1084,6072,16,11,2087,4,3,4,434,big_spenders
1089,7348,0,9,1192,4,2,4,424,big_spenders
1090,1127,62,13,1958,2,3,4,234,big_spenders
1100,5538,78,10,1862,1,2,4,124,big_spenders
1110,375,79,13,1156,1,3,4,134,big_spenders
1111,1524,1,13,1104,4,3,4,434,big_spenders
1113,7451,23,13,2008,4,3,4,434,big_spenders
1115,4356,70,8,1574,2,2,4,224,big_spenders
1126,6749,78,11,1722,1,3,4,134,big_spenders
1137,8015,88,13,1313,1,3,4,134,big_spenders
1158,7959,19,8,1370,4,2,4,424,big_spenders
1169,2410,69,11,1097,2,3,4,234,big_spenders
1172,8278,3,13,1711,4,3,4,434,big_spenders
1179,5735,29,13,2525,3,3,4,334,big_spenders
1182,1829,55,13,1232,2,3,4,234,big_spenders
1190,590,35,9,1812,3,2,4,324,big_spenders
1204,2995,64,12,1084,2,3,4,234,big_spenders
1213,697,78,11,2047,1,3,4,134,big_spenders
1218,4500,56,14,1598,2,3,4,234,big_spenders
1225,257,74,14,1215,2,3,4,234,big_spenders
1250,9606,64,10,1536,2,2,4,224,big_spenders
1261,3979,98,14,1779,1,3,4,134,big_spenders
1265,3910,78,10,1862,1,2,4,124,big_spenders
1269,9400,73,12,1383,2,3,4,234,big_spenders
1275,10319,56,14,1286,2,3,4,234,big_spenders
1280,3698,13,12,2130,4,3,4,434,big_spenders
1298,1577,14,8,1736,4,2,4,424,big_spenders
1301,6024,62,10,2302,2,2,4,224,big_spenders
1304,6055,94,13,1305,1,3,4,134,big_spenders
1329,158,3,13,1196,4,3,4,434,big_spenders
1332,1945,4,14,1400,4,3,4,434,big_spenders
1336,9495,29,8,1149,3,2,4,324,big_spenders
1342,873,3,13,1178,4,3,4,434,big_spenders
1349,1745,88,13,1313,1,3,4,134,big_spenders
1350,10590,91,14,1483,1,3,4,134,big_spenders
1351,5080,12,10,1258,4,2,4,424,big_spenders
1354,2407,10,13,1555,4,3,4,434,big_spenders
1358,1065,85,10,1918,1,2,4,124,big_spenders
1365,2674,79,12,1143,1,3,4,134,big_spenders
1385,10909,9,10,1899,4,2,4,424,big_spenders
1389,2963,56,14,1440,2,3,4,234,big_spenders
1411,9121,40,11,1690,3,3,4,334,big_spenders
1413,4310,25,10,1428,3,2,4,324,big_spenders
1443,4530,36,13,1930,3,3,4,334,big_spenders
1446,8204,93,13,1319,1,3,4,134,big_spenders
1448,1232,54,12,1244,2,3,4,234,big_spenders
1451,6652,28,12,1134,3,3,4,334,big_spenders
1452,6246,40,11,1507,3,3,4,334,big_spenders
1455,4399,3,11,1091,4,3,4,434,big_spenders
1473,4070,99,12,1078,1,3,4,134,big_spenders
1474,25,9,13,1115,4,3,4,434,big_spenders
1484,8370,50,13,1159,2,3,4,234,big_spenders
1486,2939,96,8,1631,1,2,4,124,big_spenders
1497,2072,34,13,1064,3,3,4,334,big_spenders
1504,3584,35,10,1396,3,2,4,324,big_spenders
1510,486,27,13,1198,3,3,4,334,big_spenders
1513,9264,1,13,1638,4,3,4,434,big_spenders
1526,202,54,11,1234,2,3,4,234,big_spenders
1528,830,5,8,1658,4,2,4,424,big_spenders
1537,10530,0,9,1156,4,2,4,424,big_spenders
1538,1079,59,12,1086,2,3,4,234,big_spenders
1552,8091,50,12,1106,2,3,4,234,big_spenders
1572,5350,29,13,2525,3,3,4,334,big_spenders
1577,9298,89,12,1798,1,3,4,134,big_spenders
1581,9952,53,9,1105,2,2,4,224,big_spenders
1602,2565,69,14,1334,2,3,4,234,big_spenders
1622,5120,78,11,1289,1,3,4,134,big_spenders
1626,8041,35,13,1092,3,3,4,334,big_spenders
1641,1665,71,8,1750,2,2,4,224,big_spenders
1648,6409,18,14,1179,4,3,4,434,big_spenders
1653,4931,13,0,1730,4,1,4,414,big_spenders
1659,2781,55,10,1792,2,2,4,224,big_spenders
1671,1964,66,11,1603,2,3,4,234,big_spenders
1680,1215,49,12,1572,3,3,4,334,big_spenders
1686,1891,12,9,1754,4,2,4,424,big_spenders
1689,295,77,14,1157,1,3,4,134,big_spenders
1691,6349,71,14,1319,2,3,4,234,big_spenders
1710,477,31,14,2157,3,3,4,334,big_spenders
1716,10091,78,12,1067,1,3,4,134,big_spenders
1722,569,32,12,1991,3,3,4,334,big_spenders
1735,10092,46,12,1504,3,3,4,334,big_spenders
1745,9292,74,11,1382,2,3,4,234,big_spenders
1749,737,56,9,2231,2,2,4,224,big_spenders
1750,3571,48,13,1101,3,3,4,334,big_spenders
1767,2631,29,8,1149,3,2,4,324,big_spenders
1773,8584,54,9,1165,2,2,4,224,big_spenders
1788,1513,72,14,1250,2,3,4,234,big_spenders
1808,1619,2,10,1588,4,2,4,424,big_spenders
1809,1990,74,11,1797,2,3,4,234,big_spenders
1811,269,71,11,1143,2,3,4,234,big_spenders
1813,10513,68,8,1502,2,2,4,224,big_spenders
1814,10177,4,13,1338,4,3,4,434,big_spenders
1817,10057,70,14,1331,2,3,4,234,big_spenders
1827,5302,13,9,1428,4,2,4,424,big_spenders
1828,4687,92,12,1633,1,3,4,134,big_spenders
1852,1168,62,14,1401,2,3,4,234,big_spenders
1853,9595,1,8,1574,4,2,4,424,big_spenders
1858,9029,73,14,1536,2,3,4,234,big_spenders
1864,9064,10,13,1555,4,3,4,434,big_spenders
1869,2186,30,11,2257,3,3,4,334,big_spenders
1877,1399,52,12,1515,2,3,4,234,big_spenders
1880,3074,66,9,1828,2,2,4,224,big_spenders
1887,5113,67,10,1702,2,2,4,224,big_spenders
1890,2747,90,9,2126,1,2,4,124,big_spenders
1891,3010,87,12,2069,1,3,4,134,big_spenders
1897,5558,90,8,1685,1,2,4,124,big_spenders
1911,5544,32,12,1490,3,3,4,334,big_spenders
1913,5831,93,10,1815,1,2,4,124,big_spenders
1922,3138,84,13,1676,1,3,4,134,big_spenders
1927,2181,45,10,1280,3,2,4,324,big_spenders
1940,1139,56,10,1512,2,2,4,224,big_spenders
1945,10868,82,13,1272,1,3,4,134,big_spenders
1946,10676,3,10,1173,4,2,4,424,big_spenders
1952,3434,60,14,1336,2,3,4,234,big_spenders
1955,6428,37,8,1130,3,2,4,324,big_spenders
1961,3009,8,11,1766,4,3,4,434,big_spenders
1968,8537,60,10,1429,2,2,4,224,big_spenders
1969,4331,41,14,1371,3,3,4,334,big_spenders
1982,3334,35,14,2211,3,3,4,334,big_spenders
1990,10949,8,13,1958,4,3,4,434,big_spenders
1993,10164,75,10,1691,1,2,4,124,big_spenders
2010,2002,81,10,1870,1,2,4,124,big_spenders
2023,7861,23,14,1175,4,3,4,434,big_spenders
2041,4974,98,13,1392,1,3,4,134,big_spenders
2048,3507,44,7,1575,3,2,4,324,big_spenders
2056,7441,80,14,1615,1,3,4,134,big_spenders
2062,2345,54,12,1244,2,3,4,234,big_spenders
2067,7899,70,8,1680,2,2,4,224,big_spenders
2074,2254,95,14,1455,1,3,4,134,big_spenders
2087,6343,6,13,1518,4,3,4,434,big_spenders
2093,7734,58,11,1216,2,3,4,234,big_spenders
2096,7428,47,11,1367,3,3,4,334,big_spenders
2098,1103,60,14,2053,2,3,4,234,big_spenders
2099,3422,67,6,1376,2,2,4,224,big_spenders
2103,2909,89,14,1264,1,3,4,134,big_spenders
2118,6262,93,11,1573,1,3,4,134,big_spenders
2127,6292,60,14,1822,2,3,4,234,big_spenders
2131,3919,64,13,1931,2,3,4,234,big_spenders
2134,4369,48,9,1169,3,2,4,324,big_spenders
2151,7233,4,11,1782,4,3,4,434,big_spenders
2160,5667,90,13,1701,1,3,4,134,big_spenders
2166,2429,4,13,1338,4,3,4,434,big_spenders
2167,3520,94,11,1092,1,3,4,134,big_spenders
2168,10394,91,9,1479,1,2,4,124,big_spenders
2173,6721,21,11,1213,4,3,4,434,big_spenders
2175,1772,2,12,2043,4,3,4,434,big_spenders
2176,1544,51,14,1893,2,3,4,234,big_spenders
2187,5721,60,13,1566,2,3,4,234,big_spenders
2188,10652,48,9,1169,3,2,4,324,big_spenders
2206,1092,17,13,1147,4,3,4,434,big_spenders
2213,3661,42,12,1435,3,3,4,334,big_spenders
2217,9589,54,11,1234,2,3,4,234,big_spenders
2221,7366,12,14,1438,4,3,4,434,big_spenders
2235,10870,46,13,1341,3,3,4,334,big_spenders
1,2174,38,3,27,3,1,1,311,0
3,6182,26,6,53,3,2,1,321,0
4,5324,94,11,422,1,3,3,133,0
6,965,34,14,590,3,3,3,333,0
7,6177,32,8,169,3,2,2,322,0
9,5899,68,1,49,2,1,1,211,0
11,387,59,5,61,2,1,1,211,0
13,8180,53,11,310,2,3,2,232,0
14,2569,38,4,46,3,1,1,311,0
16,9736,51,6,96,2,2,2,222,0
17,4939,20,10,317,4,2,2,422,0
19,2278,86,5,133,1,1,2,112,0
20,9360,41,9,316,3,2,2,322,0
22,1993,63,11,972,2,3,3,233,0
24,1409,69,12,444,2,3,3,233,0
25,7892,89,5,75,1,1,2,112,0
26,2404,4,9,257,4,2,2,422,0
28,9422,26,6,131,3,2,2,322,0
30,6864,34,6,30,3,2,1,321,0
31,3033,56,5,318,2,1,2,212,0
32,5710,31,6,120,3,2,2,322,0
33,7373,8,10,302,4,2,2,422,0
35,10738,55,5,65,2,1,1,211,0
37,10755,76,5,81,1,1,2,112,0
39,2968,53,12,902,2,3,3,233,0
45,1371,72,11,984,2,3,3,233,0
46,9909,24,6,122,4,2,2,422,0
50,8614,29,14,507,3,3,3,333,0
52,1331,54,5,72,2,1,2,212,0
54,9381,57,14,606,2,3,3,233,0
57,7437,31,5,29,3,1,1,311,0
59,8375,63,14,518,2,3,3,233,0
74,1050,58,6,65,2,2,1,221,0
75,5846,68,3,13,2,1,1,211,0
80,3332,87,7,165,1,2,2,122,0
82,5346,87,6,79,1,2,2,122,0
83,4119,56,5,318,2,1,2,212,0
86,273,48,7,151,3,2,2,322,0
87,4452,3,12,372,4,3,2,432,0
89,771,79,7,194,1,2,2,122,0
93,11178,69,4,32,2,1,1,211,0
94,2230,84,6,43,1,2,1,121,0
95,7516,30,5,45,3,1,1,311,0
96,7247,72,13,606,2,3,3,233,0
97,11100,37,5,63,3,1,1,311,0
99,3037,32,12,410,3,3,3,333,0
100,1473,0,5,72,4,1,2,412,0
101,1016,43,5,55,3,1,1,311,0
106,7533,15,8,187,4,2,2,422,0
108,3629,17,6,145,4,2,2,422,0
109,10991,18,9,850,4,2,3,423,0
114,9215,19,12,551,4,3,3,433,0
115,2286,27,5,114,3,1,2,312,0
117,367,74,14,577,2,3,3,233,0
118,5234,85,4,81,1,1,2,112,0
119,9862,37,5,33,3,1,1,311,0
121,6205,13,5,80,4,1,2,412,0
122,8442,63,4,30,2,1,1,211,0
125,1491,87,10,559,1,2,3,123,0
127,3381,51,6,90,2,2,2,222,0
130,8026,10,10,463,4,2,3,423,0
134,5290,51,10,279,2,2,2,222,0
136,5342,31,4,29,3,1,1,311,0
137,9579,61,4,106,2,1,2,212,0
138,7660,37,3,49,3,1,1,311,0
139,1461,74,5,38,2,1,1,211,0
144,9701,13,7,312,4,2,2,422,0
145,9949,36,9,877,3,2,3,323,0
146,10837,47,5,68,3,1,1,311,0
147,3120,49,3,22,3,1,1,311,0
148,5885,94,8,211,1,2,2,122,0
149,4050,65,6,127,2,2,2,222,0
150,3830,59,11,459,2,3,3,233,0
151,7987,96,14,460,1,3,3,133,0
152,7798,28,12,429,3,3,3,333,0
153,92,12,7,89,4,2,2,422,0
156,3025,4,11,306,4,3,2,432,0
157,9283,49,3,18,3,1,1,311,0
158,9970,3,7,162,4,2,2,422,0
162,8182,91,7,121,1,2,2,122,0
165,4370,83,6,88,1,2,2,122,0
166,10573,27,10,421,3,2,3,323,0
167,3712,63,9,259,2,2,2,222,0
169,3152,84,5,89,1,1,2,112,0
170,5610,58,4,36,2,1,1,211,0
172,1349,4,6,148,4,2,2,422,0
173,1880,17,5,93,4,1,2,412,0
174,641,77,4,119,1,1,2,112,0
180,7698,81,8,191,1,2,2,122,0
185,3518,45,3,50,3,1,1,311,0
186,5823,63,5,39,2,1,1,211,0
190,9733,52,3,80,2,1,2,212,0
193,1324,93,6,91,1,2,2,122,0
194,326,38,11,315,3,3,2,332,0
199,3182,81,8,263,1,2,2,122,0
204,1030,72,4,38,2,1,1,211,0
207,5552,50,9,293,2,2,2,222,0
210,2677,11,9,241,4,2,2,422,0
212,6927,70,10,264,2,2,2,222,0
215,1584,79,13,482,1,3,3,133,0
218,1377,24,9,285,4,2,2,422,0
220,1755,93,5,114,1,1,2,112,0
221,2075,56,10,1047,2,2,3,223,0
223,9076,44,8,185,3,2,2,322,0
225,4653,46,7,189,3,2,2,322,0
226,7375,84,12,576,1,3,3,133,0
229,3726,66,3,17,2,1,1,211,0
230,6798,30,13,433,3,3,3,333,0
232,1606,65,3,22,2,1,1,211,0
233,9617,37,4,19,3,1,1,311,0
235,89,49,6,69,3,2,1,321,0
236,2936,46,4,23,3,1,1,311,0
238,7297,54,6,57,2,2,1,221,0
241,9940,97,10,1009,1,2,3,123,0
245,7411,31,4,17,3,1,1,311,0
250,10236,59,5,64,2,1,1,211,0
251,6340,52,4,26,2,1,1,211,0
253,2227,92,8,210,1,2,2,122,0
255,5304,35,4,33,3,1,1,311,0
257,3406,97,10,322,1,2,2,122,0
258,2661,95,6,44,1,2,1,121,0
260,10264,60,3,31,2,1,1,211,0
262,4200,85,10,275,1,2,2,122,0
263,9396,31,3,25,3,1,1,311,0
264,2387,9,9,275,4,2,2,422,0
265,6690,30,6,90,3,2,2,322,0
267,9703,70,5,184,2,1,2,212,0
268,291,13,9,981,4,2,3,423,0
271,5726,15,7,60,4,2,1,421,0
272,3066,2,8,231,4,2,2,422,0
273,6336,55,6,48,2,2,1,221,0
274,10967,38,6,99,3,2,2,322,0
277,7828,29,8,818,3,2,3,323,0
278,3762,30,11,925,3,3,3,333,0
280,4669,46,7,102,3,2,2,322,0
281,10144,84,12,576,1,3,3,133,0
282,8652,20,10,317,4,2,2,422,0
283,1672,74,13,461,2,3,3,233,0
285,9974,75,5,70,1,1,2,112,0
289,4697,62,12,390,2,3,2,232,0
291,7254,74,6,137,2,2,2,222,0
293,4927,76,6,68,1,2,1,121,0
297,9738,43,6,100,3,2,2,322,0
298,7119,45,8,825,3,2,3,323,0
300,5827,53,6,62,2,2,1,221,0
302,10812,89,5,90,1,1,2,112,0
303,1717,43,9,273,3,2,2,322,0
304,9491,68,6,66,2,2,1,221,0
306,6609,64,6,107,2,2,2,222,0
308,4440,93,14,546,1,3,3,133,0
309,1379,12,8,241,4,2,2,422,0
310,10032,86,6,53,1,2,1,121,0
311,2826,28,5,37,3,1,1,311,0
314,3050,13,9,235,4,2,2,422,0
316,2392,59,6,102,2,2,2,222,0
317,9478,30,10,401,3,2,3,323,0
318,113,33,4,28,3,1,1,311,0
326,5835,39,6,65,3,2,1,321,0
328,10350,37,4,38,3,1,1,311,0
329,7786,22,7,160,4,2,2,422,0
331,663,46,4,71,3,1,2,312,0
334,9592,51,5,33,2,1,1,211,0
341,11191,11,6,139,4,2,2,422,0
343,6245,71,11,507,2,3,3,233,0
345,1411,58,6,940,2,2,3,223,0
346,8553,65,4,42,2,1,1,211,0
348,8842,33,5,44,3,1,1,311,0
352,9185,38,9,1029,3,2,3,323,0
355,6201,45,5,49,3,1,1,311,0
356,2061,61,6,99,2,2,2,222,0
358,6142,65,10,900,2,2,3,223,0
359,4107,52,8,425,2,2,3,223,0
362,2958,53,6,57,2,2,1,221,0
363,933,31,3,25,3,1,1,311,0
364,5837,67,12,494,2,3,3,233,0
369,2928,63,10,990,2,2,3,223,0
370,5680,66,4,30,2,1,1,211,0
371,10313,69,9,254,2,2,2,222,0
372,2557,52,3,29,2,1,1,211,0
374,1519,2,6,73,4,2,2,422,0
375,10703,86,5,120,1,1,2,112,0
376,1726,23,3,81,4,1,2,412,0
380,2098,38,3,17,3,1,1,311,0
381,9543,74,3,22,2,1,1,211,0
382,6878,14,10,324,4,2,2,422,0
383,3310,94,8,211,1,2,2,122,0
384,2724,33,2,19,3,1,1,311,0
385,948,32,3,41,3,1,1,311,0
386,6720,11,11,492,4,3,3,433,0
388,2066,56,5,114,2,1,2,212,0
391,5642,0,9,222,4,2,2,422,0
393,455,86,8,209,1,2,2,122,0
396,7414,18,7,186,4,2,2,422,0
397,6354,51,3,47,2,1,1,211,0
398,798,71,4,27,2,1,1,211,0
399,8213,71,5,96,2,1,2,212,0
402,7617,83,7,163,1,2,2,122,0
403,615,29,9,343,3,2,2,322,0
404,2552,11,12,446,4,3,3,433,0
405,194,55,4,41,2,1,1,211,0
406,3645,19,6,70,4,2,2,422,0
407,8890,1,10,272,4,2,2,422,0
410,7301,76,6,79,1,2,2,122,0
411,10882,50,10,915,2,2,3,223,0
413,7422,90,12,369,1,3,2,132,0
416,6504,24,5,78,4,1,2,412,0
421,3129,30,5,45,3,1,1,311,0
428,5987,52,5,43,2,1,1,211,0
434,498,28,5,57,3,1,1,311,0
435,9347,49,4,46,3,1,1,311,0
437,10664,14,14,467,4,3,3,433,0
438,5455,89,6,122,1,2,2,122,0
440,5012,56,4,34,2,1,1,211,0
441,7495,72,7,156,2,2,2,222,0
445,10364,72,3,20,2,1,1,211,0
446,5954,92,9,192,1,2,2,122,0
449,1142,91,12,428,1,3,3,133,0
452,6471,17,6,59,4,2,1,421,0
453,6131,87,12,431,1,3,3,133,0
455,4148,90,11,348,1,3,2,132,0
457,3225,71,9,265,2,2,2,222,0
458,7540,52,10,270,2,2,2,222,0
460,1992,2,10,893,4,2,3,423,0
461,7851,60,14,926,2,3,3,233,0
462,8594,25,6,135,3,2,2,322,0
464,2815,46,7,120,3,2,2,322,0
474,9081,58,3,25,2,1,1,211,0
476,916,67,4,31,2,1,1,211,0
478,8970,93,13,530,1,3,3,133,0
479,10581,41,11,506,3,3,3,333,0
480,5300,60,4,70,2,1,2,212,0
481,5154,54,5,54,2,1,1,211,0
482,8346,26,8,296,3,2,2,322,0
483,1676,30,9,266,3,2,2,322,0
484,9286,93,9,747,1,2,3,123,0
489,3921,96,8,205,1,2,2,122,0
491,22,99,11,309,1,3,2,132,0
493,9426,77,5,900,1,1,3,113,0
502,8151,6,7,263,4,2,2,422,0
504,10160,49,4,46,3,1,1,311,0
506,10584,77,13,945,1,3,3,133,0
508,3386,71,6,137,2,2,2,222,0
510,9925,97,7,216,1,2,2,122,0
512,5389,93,11,347,1,3,2,132,0
514,182,62,11,397,2,3,2,232,0
516,11025,9,6,138,4,2,2,422,0
518,4607,24,11,777,4,3,3,433,0
520,3696,67,5,52,2,1,1,211,0
522,9214,48,11,358,3,3,2,332,0
524,35,35,5,210,3,1,2,312,0
527,713,72,10,442,2,2,3,223,0
529,3281,69,12,411,2,3,3,233,0
530,702,80,12,521,1,3,3,133,0
532,4769,52,14,493,2,3,3,233,0
533,4437,65,8,260,2,2,2,222,0
534,8724,57,5,46,2,1,1,211,0
535,10741,70,11,319,2,3,2,232,0
536,1991,0,5,96,4,1,2,412,0
538,11096,50,9,232,2,2,2,222,0
539,304,67,6,76,2,2,2,222,0
540,3665,46,6,54,3,2,1,321,0
541,10591,37,8,201,3,2,2,322,0
542,5036,38,7,406,3,2,3,323,0
544,7822,56,12,662,2,3,3,233,0
545,8541,98,6,41,1,2,1,121,0
547,4368,72,7,134,2,2,2,222,0
548,9671,47,5,69,3,1,1,311,0
549,2256,33,4,21,3,1,1,311,0
551,5371,0,5,91,4,1,2,412,0
552,9240,73,14,526,2,3,3,233,0
553,9460,74,5,162,2,1,2,212,0
555,8692,50,9,240,2,2,2,222,0
558,8420,27,6,64,3,2,1,321,0
560,7685,4,6,78,4,2,2,422,0
564,10232,9,10,331,4,2,2,422,0
565,4184,48,8,265,3,2,2,322,0
567,891,60,3,11,2,1,1,211,0
568,10381,43,3,21,3,1,1,311,0
570,6818,26,10,369,3,2,2,322,0
571,3526,58,4,38,2,1,1,211,0
572,8181,42,7,177,3,2,2,322,0
573,1029,27,10,279,3,2,2,322,0
574,7369,56,5,62,2,1,1,211,0
576,8159,10,7,182,4,2,2,422,0
577,1160,48,6,49,3,2,1,321,0
578,10242,39,6,75,3,2,2,322,0
579,5253,85,8,227,1,2,2,122,0
580,5966,64,9,215,2,2,2,222,0
581,5314,69,12,444,2,3,3,233,0
582,5081,54,4,47,2,1,1,211,0
583,5123,57,5,143,2,1,2,212,0
584,5756,64,5,55,2,1,1,211,0
585,8036,10,6,63,4,2,1,421,0
587,5057,74,14,611,2,3,3,233,0
588,254,4,14,473,4,3,3,433,0
590,3710,41,4,81,3,1,2,312,0
594,3075,47,10,382,3,2,2,322,0
598,6919,39,5,63,3,1,1,311,0
599,3537,57,7,79,2,2,2,222,0
600,10277,27,4,42,3,1,1,311,0
604,1177,77,6,129,1,2,2,122,0
605,7141,15,7,213,4,2,2,422,0
607,8477,61,4,28,2,1,1,211,0
610,7930,74,9,268,2,2,2,222,0
611,4587,90,10,266,1,2,2,122,0
612,6682,41,4,37,3,1,1,311,0
613,6222,28,5,37,3,1,1,311,0
615,3083,88,11,373,1,3,2,132,0
617,1503,31,1,107,3,1,2,312,0
618,8650,31,4,42,3,1,1,311,0
619,10862,6,10,326,4,2,2,422,0
620,2782,23,13,404,4,3,3,433,0
621,6941,92,4,95,1,1,2,112,0
622,10972,52,10,939,2,2,3,223,0
623,10708,50,4,33,2,1,1,211,0
624,6583,54,12,981,2,3,3,233,0
628,3469,94,6,103,1,2,2,122,0
629,5063,76,8,191,1,2,2,122,0
631,9624,46,9,963,3,2,3,323,0
633,4376,27,5,93,3,1,2,312,0
637,944,6,11,393,4,3,2,432,0
643,2942,20,9,486,4,2,3,423,0
645,4381,56,9,235,2,2,2,222,0
647,3376,9,9,235,4,2,2,422,0
649,10928,28,14,599,3,3,3,333,0
651,6728,38,4,48,3,1,1,311,0
653,4725,71,5,67,2,1,1,211,0
654,3277,9,12,365,4,3,2,432,0
656,2564,87,7,165,1,2,2,122,0
657,946,92,8,210,1,2,2,122,0
659,6940,86,6,223,1,2,2,122,0
661,7093,74,3,22,2,1,1,211,0
663,1777,29,5,74,3,1,2,312,0
666,8754,25,3,20,3,1,1,311,0
667,1987,34,5,59,3,1,1,311,0
668,11007,43,4,34,3,1,1,311,0
669,7426,76,8,198,1,2,2,122,0
671,10379,87,14,574,1,3,3,133,0
672,9204,33,10,1029,3,2,3,323,0
673,3197,38,14,670,3,3,3,333,0
674,2920,63,10,990,2,2,3,223,0
675,6961,26,3,11,3,1,1,311,0
677,9937,75,14,576,1,3,3,133,0
678,8779,13,7,172,4,2,2,422,0
680,2891,51,12,928,2,3,3,233,0
682,75,32,13,467,3,3,3,333,0
683,10120,84,9,257,1,2,2,122,0
689,7279,3,8,1044,4,2,3,423,0
690,7230,98,11,493,1,3,3,133,0
691,143,73,9,957,2,2,3,223,0
692,450,90,5,270,1,1,2,112,0
693,9316,29,4,29,3,1,1,311,0
694,6379,3,4,121,4,1,2,412,0
695,9239,94,6,126,1,2,2,122,0
696,8315,65,3,23,2,1,1,211,0
697,2868,33,5,57,3,1,1,311,0
698,10888,46,14,636,3,3,3,333,0
700,9977,99,14,734,1,3,3,133,0
704,968,24,8,187,4,2,2,422,0
706,4472,34,4,57,3,1,1,311,0
708,3336,96,7,948,1,2,3,123,0
710,1940,26,3,18,3,1,1,311,0
712,1388,11,5,112,4,1,2,412,0
713,1044,44,13,596,3,3,3,333,0
714,6969,75,9,233,1,2,2,122,0
717,1715,45,5,48,3,1,1,311,0
720,5114,1,10,965,4,2,3,423,0
722,4329,43,4,16,3,1,1,311,0
724,4692,19,6,71,4,2,2,422,0
727,437,41,14,1027,3,3,3,333,0
728,11171,60,11,411,2,3,3,233,0
731,610,60,13,480,2,3,3,233,0
732,9384,57,14,606,2,3,3,233,0
733,5956,74,10,284,2,2,2,222,0
737,6255,29,11,334,3,3,2,332,0
738,6516,37,3,18,3,1,1,311,0
741,7458,26,6,97,3,2,2,322,0
743,7761,71,7,109,2,2,2,222,0
744,5278,83,11,902,1,3,3,133,0
746,7235,37,6,38,3,2,1,321,0
748,2281,34,3,28,3,1,1,311,0
751,7938,92,13,449,1,3,3,133,0
758,10470,0,5,92,4,1,2,412,0
759,6488,86,5,99,1,1,2,112,0
760,10270,8,6,66,4,2,1,421,0
763,7573,12,4,86,4,1,2,412,0
764,4508,92,7,833,1,2,3,123,0
765,221,90,7,242,1,2,2,122,0
768,20,91,6,183,1,2,2,122,0
769,8786,52,13,450,2,3,3,233,0
772,8897,9,14,654,4,3,3,433,0
773,2371,22,6,81,4,2,2,422,0
774,4303,76,1,137,1,1,2,112,0
776,1072,64,5,93,2,1,2,212,0
781,10839,42,4,29,3,1,1,311,0
782,49,39,3,25,3,1,1,311,0
784,10219,40,4,38,3,1,1,311,0
786,1135,96,7,47,1,2,1,121,0
787,6299,28,10,813,3,2,3,323,0
789,347,30,12,377,3,3,2,332,0
791,10446,58,12,729,2,3,3,233,0
792,3479,49,5,50,3,1,1,311,0
793,11075,37,8,270,3,2,2,322,0
794,4442,70,6,177,2,2,2,222,0
795,199,33,11,315,3,3,2,332,0
799,8523,39,7,60,3,2,1,321,0
800,310,81,13,573,1,3,3,133,0
801,8629,71,4,41,2,1,1,211,0
802,236,62,6,170,2,2,2,222,0
805,4599,66,14,458,2,3,3,233,0
807,7352,28,9,405,3,2,3,323,0
808,2350,87,11,1027,1,3,3,133,0
810,2964,0,3,72,4,1,2,412,0
812,9687,1,11,726,4,3,3,433,0
813,3732,72,14,860,2,3,3,233,0
815,11176,12,12,495,4,3,3,433,0
817,7462,67,14,570,2,3,3,233,0
819,7034,34,5,55,3,1,1,311,0
821,1143,43,5,55,3,1,1,311,0
822,1,0,14,577,4,3,3,433,0
823,3855,74,5,162,2,1,2,212,0
830,4887,65,5,63,2,1,1,211,0
831,8560,94,13,680,1,3,3,133,0
832,3321,42,14,542,3,3,3,333,0
836,6141,46,11,385,3,3,2,332,0
838,10856,42,4,46,3,1,1,311,0
839,5121,30,12,761,3,3,3,333,0
840,4186,11,5,76,4,1,2,412,0
841,368,61,9,290,2,2,2,222,0
842,3312,12,7,89,4,2,2,422,0
843,11121,76,7,70,1,2,2,122,0
848,2895,79,8,195,1,2,2,122,0
849,10262,96,6,53,1,2,1,121,0
850,7848,17,8,368,4,2,2,422,0
853,7186,43,3,35,3,1,1,311,0
854,5794,1,14,446,4,3,3,433,0
858,3007,49,4,40,3,1,1,311,0
860,4297,71,5,40,2,1,1,211,0
861,807,35,10,292,3,2,2,322,0
863,4271,80,10,341,1,2,2,122,0
864,4120,61,10,369,2,2,2,222,0
865,2036,29,12,401,3,3,3,333,0
866,115,0,13,393,4,3,2,432,0
868,8687,54,10,486,2,2,3,223,0
869,2447,71,5,69,2,1,1,211,0
871,9353,61,9,995,2,2,3,223,0
872,3623,55,7,45,2,2,1,221,0
873,738,35,7,182,3,2,2,322,0
876,773,64,10,595,2,2,3,223,0
877,10602,30,7,156,3,2,2,322,0
879,3270,96,6,128,1,2,2,122,0
880,8443,16,5,86,4,1,2,412,0
886,7023,87,10,263,1,2,2,122,0
887,8086,34,5,55,3,1,1,311,0
888,8825,46,14,564,3,3,3,333,0
890,1928,73,5,83,2,1,2,212,0
891,7108,54,10,353,2,2,2,222,0
892,10925,93,14,1003,1,3,3,133,0
893,9960,52,3,14,2,1,1,211,0
894,8800,53,12,902,2,3,3,233,0
896,5519,8,10,797,4,2,3,423,0
898,7037,50,12,401,2,3,3,233,0
899,905,38,7,84,3,2,2,322,0
900,8624,61,14,928,2,3,3,233,0
901,8945,46,8,203,3,2,2,322,0
902,6445,73,10,858,2,2,3,223,0
903,2727,19,9,409,4,2,3,423,0
904,6404,10,10,282,4,2,2,422,0
907,1968,37,3,28,3,1,1,311,0
909,9485,23,8,199,4,2,2,422,0
913,1048,11,7,178,4,2,2,422,0
915,9308,51,9,976,2,2,3,223,0
916,10505,86,10,1001,1,2,3,123,0
918,2625,30,10,350,3,2,2,322,0
920,9972,25,4,46,3,1,1,311,0
922,4487,67,6,95,2,2,2,222,0
923,4988,58,5,62,2,1,1,211,0
925,5871,98,12,467,1,3,3,133,0
931,538,78,5,125,1,1,2,112,0
934,4843,92,7,833,1,2,3,123,0
935,6383,78,6,46,1,2,1,121,0
936,1628,54,13,960,2,3,3,233,0
941,4128,51,14,725,2,3,3,233,0
946,1328,56,13,683,2,3,3,233,0
947,8405,83,9,305,1,2,2,122,0
949,2882,31,12,995,3,3,3,333,0
951,6387,39,5,77,3,1,2,312,0
952,5320,20,7,171,4,2,2,422,0
953,5048,53,5,131,2,1,2,212,0
955,10031,50,7,53,2,2,1,221,0
956,5748,96,11,475,1,3,3,133,0
957,2134,94,13,694,1,3,3,133,0
958,1523,25,6,96,3,2,2,322,0
959,9665,48,10,361,3,2,2,322,0
961,3635,69,14,578,2,3,3,233,0
963,2456,84,7,149,1,2,2,122,0
964,5633,47,9,231,3,2,2,322,0
967,7011,47,7,93,3,2,2,322,0
968,2620,48,3,23,3,1,1,311,0
971,1734,37,7,81,3,2,2,322,0
972,10995,8,7,92,4,2,2,422,0
973,6357,29,14,491,3,3,3,333,0
977,1600,60,11,411,2,3,3,233,0
978,3308,54,6,94,2,2,2,222,0
980,2166,55,2,23,2,1,1,211,0
985,6872,43,12,405,3,3,3,333,0
991,9850,32,3,19,3,1,1,311,0
994,1640,49,5,108,3,1,2,312,0
995,5184,65,3,23,2,1,1,211,0
997,11188,84,5,89,1,1,2,112,0
998,1212,7,14,936,4,3,3,433,0
999,9097,34,11,343,3,3,2,332,0
1002,9984,25,12,724,3,3,3,333,0
1003,5527,25,5,58,3,1,1,311,0
1004,6374,50,9,297,2,2,2,222,0
1005,7453,46,7,488,3,2,3,323,0
1008,8975,47,5,69,3,1,1,311,0
1009,6119,52,3,17,2,1,1,211,0
1011,5723,63,6,116,2,2,2,222,0
1012,1710,51,10,279,2,2,2,222,0
1013,1970,14,6,103,4,2,2,422,0
1014,5313,20,6,44,4,2,1,421,0
1015,10634,56,12,406,2,3,3,233,0
1017,8562,72,9,236,2,2,2,222,0
1019,4436,27,6,137,3,2,2,322,0
1020,5287,77,6,79,1,2,2,122,0
1023,4550,51,4,71,2,1,2,212,0
1025,8911,11,14,702,4,3,3,433,0
1026,3706,54,4,94,2,1,2,212,0
1027,3628,93,4,80,1,1,2,112,0
1035,9503,65,10,313,2,2,2,222,0
1036,10613,44,7,62,3,2,1,321,0
1037,67,6,6,92,4,2,2,422,0
1038,6019,9,3,72,4,1,2,412,0
1039,5863,95,14,655,1,3,3,133,0
1040,3717,70,11,704,2,3,3,233,0
1042,10749,62,0,178,2,1,2,212,0
1043,4998,85,8,1033,1,2,3,123,0
1045,5985,0,6,122,4,2,2,422,0
1046,4754,91,6,122,1,2,2,122,0
1048,8870,68,11,497,2,3,3,233,0
1054,5731,64,4,37,2,1,1,211,0
1056,3846,98,10,270,1,2,2,122,0
1057,8104,32,10,278,3,2,2,322,0
1059,11013,84,8,938,1,2,3,123,0
1063,2055,37,3,49,3,1,1,311,0
1064,10766,22,12,506,4,3,3,433,0
1070,10536,78,6,46,1,2,1,121,0
1074,10832,4,12,467,4,3,3,433,0
1078,10855,9,12,396,4,3,2,432,0
1079,3081,65,3,20,2,1,1,211,0
1080,3535,68,9,967,2,2,3,223,0
1081,247,16,11,357,4,3,2,432,0
1087,1509,80,13,523,1,3,3,133,0
1091,1833,91,6,133,1,2,2,122,0
1092,4944,24,11,777,4,3,3,433,0
1093,9080,2,6,73,4,2,2,422,0
1094,6466,22,6,121,4,2,2,422,0
1095,9964,56,12,424,2,3,3,233,0
1096,4790,54,9,868,2,2,3,223,0
1097,10245,71,11,756,2,3,3,233,0
1098,1109,38,3,12,3,1,1,311,0
1101,10552,18,11,367,4,3,2,432,0
1102,1545,95,12,443,1,3,3,133,0
1103,7409,66,10,267,2,2,2,222,0
1104,4444,28,5,61,3,1,1,311,0
1107,10065,27,6,64,3,2,1,321,0
1109,246,71,11,312,2,3,2,232,0
1114,11010,75,6,44,1,2,1,121,0
1117,1175,24,6,426,4,2,3,423,0
1118,880,47,4,96,3,1,2,312,0
1121,4713,15,6,125,4,2,2,422,0
1122,675,67,9,332,2,2,2,222,0
1123,5025,32,6,135,3,2,2,322,0
1124,2308,40,11,330,3,3,2,332,0
1125,5995,54,11,384,2,3,2,232,0
1127,1010,94,4,78,1,1,2,112,0
1128,8977,51,3,24,2,1,1,211,0
1130,3412,67,11,957,2,3,3,233,0
1132,5961,29,4,57,3,1,1,311,0
1135,7613,97,11,326,1,3,2,132,0
1136,10542,63,6,77,2,2,2,222,0
1138,10617,34,6,30,3,2,1,321,0
1139,11166,81,10,315,1,2,2,122,0
1141,523,51,6,74,2,2,2,222,0
1143,8414,76,6,86,1,2,2,122,0
1145,4961,56,6,61,2,2,1,221,0
1146,749,31,6,145,3,2,2,322,0
1148,7755,91,13,411,1,3,3,133,0
1149,10525,40,3,27,3,1,1,311,0
1152,10710,61,3,18,2,1,1,211,0
1154,2613,16,7,237,4,2,2,422,0
1156,967,11,14,515,4,3,3,433,0
1157,1077,52,11,1020,2,3,3,233,0
1160,4252,73,10,301,2,2,2,222,0
1164,5922,48,9,218,3,2,2,322,0
1166,6116,13,4,75,4,1,2,412,0
1167,6263,34,6,106,3,2,2,322,0
1168,10486,54,12,990,2,3,3,233,0
1173,10660,61,12,438,2,3,3,233,0
1174,8686,65,5,75,2,1,2,212,0
1175,1604,93,8,225,1,2,2,122,0
1177,10669,8,13,470,4,3,3,433,0
1178,2918,72,6,91,2,2,2,222,0
1180,359,33,14,504,3,3,3,333,0
1181,8387,68,9,235,2,2,2,222,0
1183,3839,76,5,88,1,1,2,112,0
1188,4088,22,7,155,4,2,2,422,0
1192,2315,55,3,96,2,1,2,212,0
1193,3515,94,8,160,1,2,2,122,0
1194,2245,50,6,139,2,2,2,222,0
1196,2246,91,6,183,1,2,2,122,0
1198,5545,72,8,988,2,2,3,223,0
1200,837,0,7,174,4,2,2,422,0
1202,3602,42,7,195,3,2,2,322,0
1203,234,60,3,31,2,1,1,211,0
1208,8955,54,3,49,2,1,1,211,0
1209,945,53,7,133,2,2,2,222,0
1210,5644,96,12,363,1,3,2,132,0
1211,7192,58,12,545,2,3,3,233,0
1214,3439,64,9,296,2,2,2,222,0
1215,1506,26,6,140,3,2,2,322,0
1216,232,8,14,530,4,3,3,433,0
1217,8876,49,7,152,3,2,2,322,0
1219,9739,55,4,114,2,1,2,212,0
1220,10395,25,6,101,3,2,2,322,0
1221,1176,50,3,25,2,1,1,211,0
1222,1627,84,14,789,1,3,3,133,0
1223,938,30,4,87,3,1,2,312,0
1224,2740,81,6,90,1,2,2,122,0
1227,7736,36,4,61,3,1,1,311,0
1228,8210,64,12,405,2,3,3,233,0
1229,833,62,6,72,2,2,2,222,0
1230,6230,53,9,189,2,2,2,222,0
1232,1307,15,7,63,4,2,1,421,0
1233,1502,67,5,52,2,1,1,211,0
1234,6211,47,4,39,3,1,1,311,0
1236,4174,81,6,130,1,2,2,122,0
1238,6918,56,4,34,2,1,1,211,0
1239,286,48,7,152,3,2,2,322,0
1241,1921,74,5,71,2,1,2,212,0
1242,4138,68,12,899,2,3,3,233,0
1243,7718,36,6,711,3,2,3,323,0
1244,1291,90,10,351,1,2,2,122,0
1245,6862,65,0,8,2,1,1,211,0
1246,4136,63,5,119,2,1,2,212,0
1248,4298,63,3,10,2,1,1,211,0
1253,961,92,12,860,1,3,3,133,0
1254,5011,51,12,928,2,3,3,233,0
1255,6653,72,12,418,2,3,3,233,0
1256,9094,39,10,587,3,2,3,323,0
1260,5107,37,3,49,3,1,1,311,0
1263,8147,40,5,48,3,1,1,311,0
1264,1857,2,4,83,4,1,2,412,0
1267,11114,94,5,84,1,1,2,112,0
1268,5429,10,8,183,4,2,2,422,0
1270,1740,22,11,999,4,3,3,433,0
1272,195,21,9,246,4,2,2,422,0
1274,7527,97,5,76,1,1,2,112,0
1277,10637,77,6,99,1,2,2,122,0
1279,907,36,12,362,3,3,2,332,0
1282,679,49,4,38,3,1,1,311,0
1283,7384,18,14,485,4,3,3,433,0
1284,5043,89,9,434,1,2,3,123,0
1285,5267,43,4,44,3,1,1,311,0
1286,339,82,14,496,1,3,3,133,0
1287,2516,84,3,78,1,1,2,112,0
1292,7628,10,6,76,4,2,2,422,0
1295,3551,28,7,198,3,2,2,322,0
1300,5336,37,2,59,3,1,1,311,0
1303,3099,48,9,310,3,2,2,322,0
1306,3972,70,12,401,2,3,3,233,0
1312,10260,74,11,311,2,3,2,232,0
1313,7143,14,14,820,4,3,3,433,0
1314,8789,77,10,274,1,2,2,122,0
1315,6197,39,6,57,3,2,1,321,0
1316,4554,89,11,448,1,3,3,133,0
1317,4937,62,4,44,2,1,1,211,0
1318,1920,59,6,102,2,2,2,222,0
1319,8749,68,3,61,2,1,1,211,0
1321,10377,37,11,397,3,3,2,332,0
1323,10971,28,10,473,3,2,3,323,0
1324,6398,2,6,50,4,2,1,421,0
1326,7937,86,6,58,1,2,1,121,0
1327,839,54,7,170,2,2,2,222,0
1328,4246,2,2,373,4,1,2,412,0
1330,4832,84,4,101,1,1,2,112,0
1331,5621,8,11,316,4,3,2,432,0
1334,2535,24,14,844,4,3,3,433,0
1335,11039,51,9,311,2,2,2,222,0
1337,9635,13,6,129,4,2,2,422,0
1339,942,36,10,299,3,2,2,322,0
1340,9386,88,11,320,1,3,2,132,0
1341,5510,2,11,441,4,3,3,433,0
1343,2253,15,5,85,4,1,2,412,0
1344,5181,58,3,24,2,1,1,211,0
1345,979,11,5,112,4,1,2,412,0
1346,10390,27,4,30,3,1,1,311,0
1347,4698,32,12,410,3,3,3,333,0
1353,5232,23,9,227,4,2,2,422,0
1356,7912,69,5,103,2,1,2,212,0
1359,7275,34,6,131,3,2,2,322,0
1360,1343,55,14,586,2,3,3,233,0
1362,9967,30,13,447,3,3,3,333,0
1364,10507,14,9,797,4,2,3,423,0
1366,2698,52,11,415,2,3,3,233,0
1368,4096,24,8,187,4,2,2,422,0
1369,10476,0,8,251,4,2,2,422,0
1370,5948,96,9,237,1,2,2,122,0
1371,9140,89,6,91,1,2,2,122,0
1373,5675,98,11,493,1,3,3,133,0
1375,8805,1,11,371,4,3,2,432,0
1376,1542,26,12,396,3,3,2,332,0
1378,8773,22,11,322,4,3,2,432,0
1380,10420,56,7,222,2,2,2,222,0
1381,7514,74,7,177,2,2,2,222,0
1388,4791,35,4,41,3,1,1,311,0
1390,8216,7,7,325,4,2,2,422,0
1391,8140,51,6,95,2,2,2,222,0
1393,5289,30,3,72,3,1,2,312,0
1397,2589,65,5,59,2,1,1,211,0
1399,10490,11,10,417,4,2,3,423,0
1400,4094,92,10,289,1,2,2,122,0
1402,2534,4,7,188,4,2,2,422,0
1403,4188,53,9,354,2,2,2,222,0
1405,10827,49,7,146,3,2,2,322,0
1406,5491,70,11,319,2,3,2,232,0
1408,8783,40,13,454,3,3,3,333,0
1409,10010,43,5,152,3,1,2,312,0
1414,2678,62,8,209,2,2,2,222,0
1415,6376,83,12,545,1,3,3,133,0
1416,524,47,4,96,3,1,2,312,0
1417,10341,45,7,222,3,2,2,322,0
1418,5654,34,5,61,3,1,1,311,0
1419,4098,3,6,44,4,2,1,421,0
1421,7000,18,12,817,4,3,3,433,0
1425,2428,23,6,78,4,2,2,422,0
1426,8254,48,3,23,3,1,1,311,0
1427,2836,61,3,19,2,1,1,211,0
1428,8418,60,5,61,2,1,1,211,0
1429,1362,75,12,449,1,3,3,133,0
1430,7152,64,4,37,2,1,1,211,0
1431,10033,54,4,38,2,1,1,211,0
1434,3388,16,11,294,4,3,2,432,0
1436,8588,92,10,289,1,2,2,122,0
1438,574,96,5,125,1,1,2,112,0
1439,3220,30,7,156,3,2,2,322,0
1440,5967,60,5,70,2,1,2,212,0
1442,6856,75,6,65,1,2,1,121,0
1445,4682,88,10,310,1,2,2,122,0
1449,1927,41,9,690,3,2,3,323,0
1450,5788,46,7,209,3,2,2,322,0
1454,6875,38,12,529,3,3,3,333,0
1456,4042,87,8,180,1,2,2,122,0
1457,2157,49,6,77,3,2,2,322,0
1459,2525,65,14,534,2,3,3,233,0
1460,8233,9,14,556,4,3,3,433,0
1461,9483,24,12,637,4,3,3,433,0
1462,2945,25,4,46,3,1,1,311,0
1463,10403,43,6,44,3,2,1,321,0
1465,10524,29,7,795,3,2,3,323,0
1471,4864,68,7,175,2,2,2,222,0
1472,4706,65,4,40,2,1,1,211,0
1475,3697,20,7,134,4,2,2,422,0
1477,4220,26,5,87,3,1,2,312,0
1478,5286,68,7,217,2,2,2,222,0
1482,3102,32,4,32,3,1,1,311,0
1483,5868,49,4,46,3,1,1,311,0
1487,5529,56,13,444,2,3,3,233,0
1489,5763,63,11,380,2,3,2,232,0
1491,7494,11,10,269,4,2,2,422,0
1494,2005,86,6,75,1,2,2,122,0
1496,6885,36,5,55,3,1,1,311,0
1500,4093,61,9,436,2,2,3,223,0
1501,5751,54,4,38,2,1,1,211,0
1502,3340,56,13,436,2,3,3,233,0
1505,3643,65,10,928,2,2,3,223,0
1511,9,86,5,120,1,1,2,112,0
1514,3865,14,5,73,4,1,2,412,0
1515,2853,74,8,275,2,2,2,222,0
1517,6310,4,6,78,4,2,2,422,0
1518,10380,50,6,106,2,2,2,222,0
1519,3887,2,5,106,4,1,2,412,0
1522,1998,82,5,84,1,1,2,112,0
1524,11110,56,0,5,2,1,1,211,0
1527,7998,77,4,112,1,1,2,112,0
1529,3536,65,4,55,2,1,1,211,0
1531,125,65,10,271,2,2,2,222,0
1533,2804,86,5,120,1,1,2,112,0
1534,3745,92,6,103,1,2,2,122,0
1535,9771,97,10,269,1,2,2,122,0
1540,6678,5,7,72,4,2,2,422,0
1545,10212,43,6,100,3,2,2,322,0
1546,6365,5,5,80,4,1,2,412,0
1547,5636,50,7,167,2,2,2,222,0
1549,2217,46,3,23,3,1,1,311,0
1550,2544,68,5,92,2,1,2,212,0
1551,7725,33,11,641,3,3,3,333,0
1553,7321,85,8,1033,1,2,3,123,0
1556,955,81,8,240,1,2,2,122,0
1558,6642,50,6,102,2,2,2,222,0
1560,5424,30,7,156,3,2,2,322,0
1561,879,66,14,458,2,3,3,233,0
1563,4828,12,10,792,4,2,3,423,0
1564,10699,30,6,92,3,2,2,322,0
1565,1497,8,11,407,4,3,3,433,0
1569,1081,26,11,1019,3,3,3,333,0
1573,8135,41,4,52,3,1,1,311,0
1574,8685,56,13,436,2,3,3,233,0
1575,4967,19,10,268,4,2,2,422,0
1576,2130,4,6,147,4,2,2,422,0
1578,8175,71,6,137,2,2,2,222,0
1579,6257,81,14,507,1,3,3,133,0
1580,3790,31,3,15,3,1,1,311,0
1582,3503,78,11,974,1,3,3,133,0
1585,1626,37,3,49,3,1,1,311,0
1586,4764,52,7,169,2,2,2,222,0
1587,2471,39,9,299,3,2,2,322,0
1588,5892,11,8,221,4,2,2,422,0
1590,4971,22,7,155,4,2,2,422,0
1591,5185,83,9,892,1,2,3,123,0
1592,10069,43,4,58,3,1,1,311,0
1593,2262,74,11,311,2,3,2,232,0
1594,1131,54,6,95,2,2,2,222,0
1595,1041,3,13,424,4,3,3,433,0
1596,24,96,7,47,1,2,1,121,0
1597,3409,68,11,339,2,3,2,232,0
1599,7943,40,4,35,3,1,1,311,0
1600,5272,64,11,562,2,3,3,233,0
1603,800,57,4,32,2,1,1,211,0
1605,5062,71,4,39,2,1,1,211,0
1607,4656,28,14,710,3,3,3,333,0
1608,4480,61,12,401,2,3,3,233,0
1609,9971,22,12,506,4,3,3,433,0
1611,1773,38,5,57,3,1,1,311,0
1613,1764,92,10,270,1,2,2,122,0
1616,5423,35,3,16,3,1,1,311,0
1617,940,9,10,311,4,2,2,422,0
1618,3011,23,9,227,4,2,2,422,0
1620,8286,55,7,122,2,2,2,222,0
1621,9668,14,6,77,4,2,2,422,0
1623,6097,64,14,561,2,3,3,233,0
1624,7019,49,8,211,3,2,2,322,0
1625,7408,8,9,233,4,2,2,422,0
1627,252,11,14,601,4,3,3,433,0
1628,9986,8,6,54,4,2,1,421,0
1629,3276,53,6,78,2,2,2,222,0
1631,3570,64,9,244,2,2,2,222,0
1632,3783,43,6,116,3,2,2,322,0
1633,10207,40,3,15,3,1,1,311,0
1634,10906,52,8,425,2,2,3,223,0
1640,6866,56,4,34,2,1,1,211,0
1646,5177,56,12,396,2,3,2,232,0
1649,7485,48,6,138,3,2,2,322,0
1652,10352,2,5,117,4,1,2,412,0
1654,13,57,4,32,2,1,1,211,0
1656,2285,0,10,335,4,2,2,422,0
1658,1378,24,13,694,4,3,3,433,0
1660,1165,62,13,496,2,3,3,233,0
1661,1404,89,8,231,1,2,2,122,0
1663,2639,45,5,68,3,1,1,311,0
1664,8299,46,4,71,3,1,2,312,0
1665,6437,80,5,76,1,1,2,112,0
1667,7327,71,5,47,2,1,1,211,0
1670,8143,49,9,265,3,2,2,322,0
1673,3433,54,12,981,2,3,3,233,0
1675,4712,18,5,82,4,1,2,412,0
1676,1170,45,9,244,3,2,2,322,0
1677,6347,26,4,36,3,1,1,311,0
1678,4065,0,13,404,4,3,3,433,0
1679,8230,28,5,71,3,1,2,312,0
1681,5939,84,6,122,1,2,2,122,0
1682,2156,38,6,41,3,2,1,321,0
1683,7788,53,3,10,2,1,1,211,0
1684,10323,88,9,304,1,2,2,122,0
1692,10790,40,3,21,3,1,1,311,0
1694,2431,70,5,67,2,1,1,211,0
1697,10742,72,9,746,2,2,3,223,0
1701,3565,62,6,72,2,2,2,222,0
1702,5294,49,7,57,3,2,1,321,0
1704,7349,7,6,103,4,2,2,422,0
1705,8799,6,7,153,4,2,2,422,0
1707,1045,55,9,279,2,2,2,222,0
1709,8070,98,8,264,1,2,2,122,0
1714,4055,41,6,64,3,2,1,321,0
1715,10340,68,11,497,2,3,3,233,0
1717,7629,46,5,31,3,1,1,311,0
1718,10640,71,8,211,2,2,2,222,0
1724,1381,20,11,324,4,3,2,432,0
1726,10905,7,10,252,4,2,2,422,0
1727,1744,67,3,54,2,1,1,211,0
1730,8605,36,5,68,3,1,1,311,0
1738,10556,51,12,358,2,3,2,232,0
1740,48,97,7,184,1,2,2,122,0
1741,7610,32,11,460,3,3,3,333,0
1742,263,9,6,145,4,2,2,422,0
1746,10250,49,3,28,3,1,1,311,0
1751,7807,26,10,369,3,2,2,322,0
1753,5092,39,14,467,3,3,3,333,0
1754,2154,33,5,44,3,1,1,311,0
1755,5394,42,5,38,3,1,1,311,0
1756,3798,80,5,81,1,1,2,112,0
1757,3524,9,7,167,4,2,2,422,0
1758,5247,52,5,45,2,1,1,211,0
1759,5883,78,14,664,1,3,3,133,0
1761,8812,45,5,48,3,1,1,311,0
1762,6616,47,11,461,3,3,3,333,0
1769,5534,30,6,224,3,2,2,322,0
1770,5093,15,6,101,4,2,2,422,0
1771,7592,86,8,209,1,2,2,122,0
1774,2694,44,4,24,3,1,1,311,0
1775,8910,7,10,252,4,2,2,422,0
1776,7433,87,7,165,1,2,2,122,0
1777,164,59,10,269,2,2,2,222,0
1778,10477,16,5,102,4,1,2,412,0
1780,5150,64,5,47,2,1,1,211,0
1781,5283,72,6,144,2,2,2,222,0
1784,7261,8,10,318,4,2,2,422,0
1785,9648,20,9,253,4,2,2,422,0
1786,2870,6,12,502,4,3,3,433,0
1787,8008,54,6,119,2,2,2,222,0
1790,1419,11,5,76,4,1,2,412,0
1793,1250,82,5,84,1,1,2,112,0
1794,9905,69,6,255,2,2,2,222,0
1795,10691,55,3,43,2,1,1,211,0
1796,7002,13,11,398,4,3,3,433,0
1797,2952,80,6,76,1,2,2,122,0
1798,8439,97,10,902,1,2,3,123,0
1802,6289,85,7,185,1,2,2,122,0
1803,4168,30,13,433,3,3,3,333,0
1807,3130,95,6,44,1,2,1,121,0
1810,5513,49,4,40,3,1,1,311,0
1812,8093,72,10,914,2,2,3,223,0
1818,10307,91,14,525,1,3,3,133,0
1820,2415,99,10,953,1,2,3,123,0
1821,5684,25,5,68,3,1,1,311,0
1822,8334,34,6,131,3,2,2,322,0
1825,78,51,3,37,2,1,1,211,0
1826,5441,97,11,388,1,3,2,132,0
1829,1087,30,6,173,3,2,2,322,0
1830,6859,30,7,99,3,2,2,322,0
1831,9860,11,8,215,4,2,2,422,0
1833,5866,39,8,219,3,2,2,322,0
1834,10521,0,7,174,4,2,2,422,0
1835,7393,15,5,92,4,1,2,412,0
1837,332,56,10,275,2,2,2,222,0
1838,9847,39,10,587,3,2,3,323,0
1840,9576,60,8,159,2,2,2,222,0
1841,6906,73,7,1024,2,2,3,223,0
1843,3170,86,10,1042,1,2,3,123,0
1844,8527,37,12,395,3,3,2,332,0
1845,7872,7,12,557,4,3,3,433,0
1846,9931,29,0,9,3,1,1,311,0
1848,4609,14,14,486,4,3,3,433,0
1849,5010,72,4,34,2,1,1,211,0
1856,6710,84,6,103,1,2,2,122,0
1857,5316,89,6,84,1,2,2,122,0
1860,1459,16,10,928,4,2,3,423,0
1862,1630,56,12,424,2,3,3,233,0
1863,3254,65,9,960,2,2,3,223,0
1867,9467,51,4,20,2,1,1,211,0
1868,8486,27,13,367,3,3,2,332,0
1870,3286,71,5,42,2,1,1,211,0
1874,4796,71,4,39,2,1,1,211,0
1882,5180,56,8,149,2,2,2,222,0
1884,7679,48,4,28,3,1,1,311,0
1885,10702,67,14,450,2,3,3,233,0
1889,2961,86,10,382,1,2,2,122,0
1892,5790,62,5,72,2,1,2,212,0
1894,1743,99,7,801,1,2,3,123,0
1895,3578,29,9,236,3,2,2,322,0
1896,8462,52,3,80,2,1,2,212,0
1899,8780,71,11,507,2,3,3,233,0
1902,5896,94,10,397,1,2,2,122,0
1903,2337,77,6,39,1,2,1,121,0
1904,10951,20,11,306,4,3,2,432,0
1905,544,51,9,976,2,2,3,223,0
1906,17,81,13,1028,1,3,3,133,0
1907,10680,71,6,70,2,2,2,222,0
1908,3265,36,4,46,3,1,1,311,0
1915,10176,44,12,416,3,3,3,333,0
1916,2326,15,5,85,4,1,2,412,0
1917,4385,82,6,47,1,2,1,121,0
1918,2929,27,6,137,3,2,2,322,0
1919,10686,72,3,21,2,1,1,211,0
1920,2546,7,5,70,4,1,2,412,0
1930,5734,83,6,91,1,2,2,122,0
1931,2878,93,11,414,1,3,3,133,0
1932,1458,40,6,44,3,2,1,321,0
1933,7007,47,5,63,3,1,1,311,0
1935,1403,40,4,38,3,1,1,311,0
1936,4827,3,13,455,4,3,3,433,0
1938,9291,25,3,15,3,1,1,311,0
1939,2478,48,5,38,3,1,1,311,0
1941,5138,68,4,43,2,1,1,211,0
1942,5393,64,4,42,2,1,1,211,0
1944,5015,94,5,162,1,1,2,112,0
1947,2495,24,14,816,4,3,3,433,0
1948,7842,54,6,74,2,2,2,222,0
1949,9955,20,7,134,4,2,2,422,0
1950,6663,96,7,157,1,2,2,122,0
1951,2162,19,13,561,4,3,3,433,0
1954,5626,13,13,463,4,3,3,433,0
1956,8514,59,4,20,2,1,1,211,0
1957,10448,55,10,377,2,2,2,222,0
1959,7530,48,6,138,3,2,2,322,0
1962,6355,19,6,45,4,2,1,421,0
1963,3517,32,6,161,3,2,2,322,0
1964,1158,27,7,144,3,2,2,322,0
1970,6281,27,11,982,3,3,3,333,0
1971,4338,28,4,44,3,1,1,311,0
1972,2452,8,10,318,4,2,2,422,0
1973,9507,18,11,434,4,3,3,433,0
1974,8360,76,8,198,1,2,2,122,0
1976,5117,32,12,576,3,3,3,333,0
1977,4867,2,7,88,4,2,2,422,0
1979,10913,56,3,27,2,1,1,211,0
1980,3032,97,8,193,1,2,2,122,0
1981,8524,15,6,101,4,2,2,422,0
1983,4470,3,6,140,4,2,2,422,0
1984,1406,49,11,415,3,3,3,333,0
1986,10821,45,9,263,3,2,2,322,0
1987,4552,37,6,393,3,2,2,322,0
1988,898,39,7,147,3,2,2,322,0
1989,9797,38,11,443,3,3,3,333,0
1991,8212,89,7,174,1,2,2,122,0
1996,4122,73,10,895,2,2,3,223,0
1997,10841,46,12,484,3,3,3,333,0
1998,5370,38,13,413,3,3,3,333,0
1999,176,73,10,331,2,2,2,222,0
2000,4860,66,4,25,2,1,1,211,0
2001,10757,36,3,13,3,1,1,311,0
2002,4023,29,5,115,3,1,2,312,0
2003,6679,29,3,16,3,1,1,311,0
2004,9923,6,6,92,4,2,2,422,0
2007,405,68,8,441,2,2,3,223,0
2008,6870,73,10,283,2,2,2,222,0
2011,3657,1,8,165,4,2,2,422,0
2015,4102,46,3,23,3,1,1,311,0
2018,255,31,4,21,3,1,1,311,0
2020,9829,42,6,78,3,2,2,322,0
2021,6214,53,5,79,2,1,2,212,0
2022,4954,53,9,265,2,2,2,222,0
2025,9423,49,6,46,3,2,1,321,0
2027,153,29,4,46,3,1,1,311,0
2029,10001,98,5,100,1,1,2,112,0
2032,8625,70,6,45,2,2,1,221,0
2034,983,82,9,414,1,2,3,123,0
2035,9119,27,10,392,3,2,2,322,0
2037,5872,23,14,639,4,3,3,433,0
2038,6568,97,5,79,1,1,2,112,0
2040,5631,92,13,692,1,3,3,133,0
2044,4095,80,10,467,1,2,3,123,0
2045,5474,79,8,223,1,2,2,122,0
2046,4268,50,7,158,2,2,2,222,0
2050,626,28,4,43,3,1,1,311,0
2051,4426,35,13,527,3,3,3,333,0
2052,2591,49,10,932,3,2,3,323,0
2053,10509,46,6,71,3,2,2,322,0
2055,6673,51,6,129,2,2,2,222,0
2060,8775,74,6,137,2,2,2,222,0
2065,123,92,8,993,1,2,3,123,0
2066,6103,40,5,100,3,1,2,312,0
2068,10500,96,7,98,1,2,2,122,0
2070,2406,63,14,519,2,3,3,233,0
2072,5517,51,3,37,2,1,1,211,0
2075,10281,11,12,602,4,3,3,433,0
2076,6958,42,3,26,3,1,1,311,0
2077,954,77,5,102,1,1,2,112,0
2080,4643,40,7,176,3,2,2,322,0
2082,6497,32,11,433,3,3,3,333,0
2086,2802,61,11,961,2,3,3,233,0
2089,7901,39,3,22,3,1,1,311,0
2090,4865,2,13,400,4,3,3,433,0
2091,2686,49,3,26,3,1,1,311,0
2092,3107,31,11,350,3,3,2,332,0
2097,975,25,9,264,3,2,2,322,0
2100,1055,40,4,45,3,1,1,311,0
2104,5802,40,6,75,3,2,2,322,0
2106,6183,3,6,140,4,2,2,422,0
2108,5991,24,9,266,4,2,2,422,0
2112,11091,68,4,22,2,1,1,211,0
2113,3969,46,4,133,3,1,2,312,0
2114,1916,92,13,437,1,3,3,133,0
2119,6147,51,2,28,2,1,1,211,0
2120,8832,24,7,123,4,2,2,422,0
2122,7532,26,7,132,3,2,2,322,0
2124,2115,68,5,66,2,1,1,211,0
2129,10104,65,3,8,2,1,1,211,0
2133,642,69,4,103,2,1,2,212,0
2135,10127,21,12,395,4,3,2,432,0
2136,271,30,6,258,3,2,2,322,0
2137,4973,39,3,25,3,1,1,311,0
2138,2948,76,7,185,1,2,2,122,0
2139,2715,11,5,180,4,1,2,412,0
2140,10432,26,4,22,3,1,1,311,0
2141,9216,34,5,44,3,1,1,311,0
2142,7124,72,6,94,2,2,2,222,0
2143,9727,13,6,81,4,2,2,422,0
2147,1100,33,6,61,3,2,1,321,0
2148,7873,30,11,300,3,3,2,332,0
2149,10609,15,5,88,4,1,2,412,0
2150,6950,25,5,54,3,1,1,311,0
2152,9481,80,6,68,1,2,1,121,0
2153,7699,30,6,258,3,2,2,322,0
2155,8933,16,6,66,4,2,1,421,0
2156,8726,57,7,174,2,2,2,222,0
2159,10157,78,10,274,1,2,2,122,0
2161,902,74,10,312,2,2,2,222,0
2162,977,10,13,414,4,3,3,433,0
2165,9706,98,5,94,1,1,2,112,0
2169,4548,66,4,54,2,1,1,211,0
2177,492,3,13,424,4,3,3,433,0
2178,4377,32,10,575,3,2,3,323,0
2179,4541,84,9,257,1,2,2,122,0
2180,1321,49,6,56,3,2,1,321,0
2182,3266,96,5,125,1,1,2,112,0
2189,1646,36,4,46,3,1,1,311,0
2191,2656,63,3,59,2,1,1,211,0
2195,2980,52,6,35,2,2,1,221,0
2196,1839,25,7,141,3,2,2,322,0
2197,10722,63,9,546,2,2,3,223,0
2198,2632,10,9,500,4,2,3,423,0
2199,9014,65,6,61,2,2,1,221,0
2200,7620,71,4,106,2,1,2,212,0
2201,10968,0,14,704,4,3,3,433,0
2202,11133,3,13,424,4,3,3,433,0
2204,1876,15,5,85,4,1,2,412,0
2205,5959,80,8,199,1,2,2,122,0
2208,3850,52,4,43,2,1,1,211,0
2209,6168,28,3,53,3,1,1,311,0
2216,736,67,5,52,2,1,1,211,0
2218,4838,40,3,15,3,1,1,311,0
2219,9246,73,12,415,2,3,3,233,0
2220,6261,81,13,470,1,3,3,133,0
2223,1448,33,6,51,3,2,1,321,0
2224,4286,24,13,679,4,3,3,433,0
2225,4749,55,14,586,2,3,3,233,0
2227,4201,39,12,468,3,3,3,333,0
2230,7004,82,5,84,1,1,2,112,0
2232,8080,50,3,22,2,1,1,211,0
2236,4001,56,13,444,2,3,3,233,0
2239,9405,40,7,172,3,2,2,322,0
